<?xml version="1.0" encoding="UTF-8" standalone="no" ?>
<gpx xmlns="http://www.topografix.com/GPX/1/1" xmlns:xsi="http://www.w3.org/2001/XMLSchema-instance" xsi:schemaLocation="http://www.topografix.com/GPX/1/1 http://www.topografix.com/GPX/1/1/gpx.xsd" version="1.1" creator="VisuGPX - https://www.visugpx.com">
  <metadata>
    <name>Marathon des Alpes 2025</name>
    <desc><![CDATA[Le parcours de l’évènement est de 42,195 km pour le marathon, conformément au règlement international des courses sur route (IAAF et FFA).

Le Marathon Des Alpes: un parcours en double boucle qui partira du Funiculaire pour longer la voie verte direction Villaroger avant de rejoindre le point central de Bourg Saint Maurice.
Puis à travers des chemins arborés de la Tarentaise, les coureurs rejoindront la base de Kayak et la plaine avant Landry.
Le retour se fera par la magnifique voie verte qui longe l’Isère sur 5km avant de finir cette course à Bourg st Maurice.
La course emprunte de petites routes de campagne goudronnées, dans un cadre boisé, agréable, verdoyant et ombragé. Le parcours est vallonné avec de petites côtes. 
20% de chemin 4×4 Gravelines dur, 80% de Bitume
Cette course est adaptée aux coureurs expérimentés et entraînés.
Tout le monde pourra participer à cette course.

Ravitaillements :

Au km 10 / au km 15 / au km 21 / au km 30 / au km 35 / ainsi qu’à l’arrivée (42).
La zone de ravitaillement sera délimitée au moyen de barrières, tables et/ou marques au sol et panneaux (début et fin de zone). Des points d’eau pourront être ajouté en cas de forte chaleur.]]></desc>
  </metadata>
  <wpt lat="45.61415" lon="6.77456">
    <ele>807.6</ele>
    <name><![CDATA[Arrivée]]></name>
    <type><![CDATA[_]]></type>
  </wpt>
  <wpt lat="45.61407" lon="6.77509">
    <ele>807</ele>
    <name><![CDATA[Départ]]></name>
    <type><![CDATA[_]]></type>
  </wpt>
  <wpt lat="45.61974" lon="6.77075">
    <ele>814.4</ele>
    <name><![CDATA[Rivato 2 + 6]]></name>
    <type><![CDATA[drink]]></type>
    <extensions>
      <visugpx:TrackPointExtension xmlns:visugpx="https://www.visugpx.com/editgpx/">
        <visugpx:dec>-174,-172</visugpx:dec>
      </visugpx:TrackPointExtension>
    </extensions>
  </wpt>
  <wpt lat="45.58982" lon="6.75046">
    <ele>751.8</ele>
    <name><![CDATA[Ravito 3 + 7]]></name>
    <type><![CDATA[drink]]></type>
    <extensions>
      <visugpx:TrackPointExtension xmlns:visugpx="https://www.visugpx.com/editgpx/">
        <visugpx:dec>340,48</visugpx:dec>
      </visugpx:TrackPointExtension>
    </extensions>
  </wpt>
  <wpt lat="45.61442" lon="6.77465">
    <ele>807.3</ele>
    <name><![CDATA[Ravito 4 - Ravito 8 - Départ + Arrivée]]></name>
    <type><![CDATA[drink]]></type>
    <extensions>
      <visugpx:TrackPointExtension xmlns:visugpx="https://www.visugpx.com/editgpx/">
        <visugpx:dec>163,19</visugpx:dec>
      </visugpx:TrackPointExtension>
    </extensions>
  </wpt>
  <wpt lat="45.62018" lon="6.78888">
    <ele>811.7</ele>
    <name><![CDATA[02]]></name>
    <type><![CDATA[__]]></type>
  </wpt>
  <wpt lat="45.62007" lon="6.79577">
    <ele>839.9</ele>
    <name><![CDATA[03]]></name>
    <type><![CDATA[__]]></type>
  </wpt>
  <wpt lat="45.61467" lon="6.81006">
    <ele>829.7</ele>
    <name><![CDATA[04]]></name>
    <type><![CDATA[__]]></type>
  </wpt>
  <wpt lat="45.62104" lon="6.8014">
    <ele>886.8</ele>
    <name><![CDATA[05]]></name>
    <type><![CDATA[__]]></type>
  </wpt>
  <wpt lat="45.62526" lon="6.7945">
    <ele>868.1</ele>
    <name><![CDATA[06]]></name>
    <type><![CDATA[__]]></type>
  </wpt>
  <wpt lat="45.62255" lon="6.78536">
    <ele>816.4</ele>
    <name><![CDATA[Police 1]]></name>
    <type><![CDATA[danger]]></type>
  </wpt>
  <wpt lat="45.62022" lon="6.77151">
    <ele>812.7</ele>
    <name><![CDATA[Police 2]]></name>
    <type><![CDATA[danger]]></type>
  </wpt>
  <wpt lat="45.61988" lon="6.77389">
    <ele>808</ele>
    <name><![CDATA[09]]></name>
    <type><![CDATA[__]]></type>
  </wpt>
  <wpt lat="45.61556" lon="6.76928">
    <ele>827.6</ele>
    <name><![CDATA[Police 3]]></name>
    <type><![CDATA[danger]]></type>
  </wpt>
  <wpt lat="45.61184" lon="6.77334">
    <ele>807</ele>
    <name><![CDATA[Police 4]]></name>
    <type><![CDATA[danger]]></type>
  </wpt>
  <wpt lat="45.60258" lon="6.76694">
    <ele>785.4</ele>
    <name><![CDATA[Police 5]]></name>
    <type><![CDATA[danger]]></type>
  </wpt>
  <wpt lat="45.62064" lon="6.77095">
    <ele>814.5</ele>
    <name><![CDATA[10]]></name>
    <type><![CDATA[__]]></type>
  </wpt>
  <wpt lat="45.61853" lon="6.76904">
    <ele>821.3</ele>
    <name><![CDATA[11]]></name>
    <type><![CDATA[__]]></type>
  </wpt>
  <wpt lat="45.61693" lon="6.76702">
    <ele>831.8</ele>
    <name><![CDATA[12]]></name>
    <type><![CDATA[__]]></type>
  </wpt>
  <wpt lat="45.61626" lon="6.76861">
    <ele>829.5</ele>
    <name><![CDATA[13]]></name>
    <type><![CDATA[__]]></type>
  </wpt>
  <wpt lat="45.61413" lon="6.77142">
    <ele>818</ele>
    <name><![CDATA[14]]></name>
    <type><![CDATA[__]]></type>
  </wpt>
  <wpt lat="45.58194" lon="6.74513">
    <ele>743</ele>
    <name><![CDATA[18]]></name>
    <type><![CDATA[__]]></type>
  </wpt>
  <wpt lat="45.61377" lon="6.77473">
    <ele>807</ele>
    <name><![CDATA[Bénévole 2ème Tour]]></name>
    <type><![CDATA[person]]></type>
  </wpt>
  <wpt lat="45.61387" lon="6.7744">
    <ele>808.2</ele>
    <name><![CDATA[Secours 2]]></name>
    <type><![CDATA[pharmacie]]></type>
  </wpt>
  <wpt lat="45.61991" lon="6.77042">
    <ele>818.2</ele>
    <name><![CDATA[Secours 2]]></name>
    <type><![CDATA[alarm]]></type>
    <extensions>
      <visugpx:TrackPointExtension xmlns:visugpx="https://www.visugpx.com/editgpx/">
        <visugpx:dec>-20,-152</visugpx:dec>
      </visugpx:TrackPointExtension>
    </extensions>
  </wpt>
  <wpt lat="45.61779" lon="6.80684">
    <ele>873.8</ele>
    <name><![CDATA[Secours 1]]></name>
    <type><![CDATA[alarm]]></type>
    <extensions>
      <visugpx:TrackPointExtension xmlns:visugpx="https://www.visugpx.com/editgpx/">
        <visugpx:dec>143,-54</visugpx:dec>
      </visugpx:TrackPointExtension>
    </extensions>
  </wpt>
  <wpt lat="45.62234" lon="6.78028">
    <ele>810.6</ele>
    <name><![CDATA[08]]></name>
    <type><![CDATA[__]]></type>
  </wpt>
  <wpt lat="45.61875" lon="6.77599">
    <ele>806</ele>
    <name><![CDATA[01]]></name>
    <desc><![CDATA[Bénévole 1]]></desc>
    <type><![CDATA[__]]></type>
  </wpt>
  <wpt lat="45.59818" lon="6.76185">
    <ele>795.8</ele>
    <name><![CDATA[16]]></name>
    <type><![CDATA[__]]></type>
  </wpt>
  <wpt lat="45.62224" lon="6.80028">
    <ele>890.2</ele>
    <name><![CDATA[Ravito 1 + 5]]></name>
    <type><![CDATA[drink]]></type>
    <extensions>
      <visugpx:TrackPointExtension xmlns:visugpx="https://www.visugpx.com/editgpx/">
        <visugpx:dec>44,-129</visugpx:dec>
      </visugpx:TrackPointExtension>
    </extensions>
  </wpt>
  <wpt lat="45.58942" lon="6.75118">
    <ele>752</ele>
    <name><![CDATA[Secours 4]]></name>
    <type><![CDATA[alarm]]></type>
    <extensions>
      <visugpx:TrackPointExtension xmlns:visugpx="https://www.visugpx.com/editgpx/">
        <visugpx:dec>71,88</visugpx:dec>
      </visugpx:TrackPointExtension>
    </extensions>
  </wpt>
  <wpt lat="45.62084" lon="6.78206">
    <ele>809</ele>
    <name><![CDATA[07 Bénévoles]]></name>
    <type><![CDATA[__]]></type>
  </wpt>
  <wpt lat="45.61311" lon="6.77136">
    <ele>815.9</ele>
    <name><![CDATA[15]]></name>
    <type><![CDATA[__]]></type>
  </wpt>
  <wpt lat="45.59494" lon="6.75604">
    <ele>775.3</ele>
    <name><![CDATA[17]]></name>
    <type><![CDATA[__]]></type>
  </wpt>
  <wpt lat="45.60053" lon="6.7639">
    <ele>777</ele>
    <name><![CDATA[Secours 3]]></name>
    <type><![CDATA[alarm]]></type>
    <extensions>
      <visugpx:TrackPointExtension xmlns:visugpx="https://www.visugpx.com/editgpx/">
        <visugpx:dec>82,77</visugpx:dec>
      </visugpx:TrackPointExtension>
    </extensions>
  </wpt>
  <trk>
    <name><![CDATA[Marathon des Alpes 2025_1]]></name>
    <extensions>
      <line xmlns="http://www.topografix.com/GPX/gpx_style/0/2">
        <color>0000FF</color>
        <width>4</width>
      </line>
    </extensions>
    <trkseg>
      <trkpt lat="45.61444" lon="6.77496">
        <ele>807</ele>
        <extensions>
          <type>
            <highway>service</highway>
            <surface>undefined</surface>
            </type>
        </extensions>
      </trkpt>
      <trkpt lat="45.61376" lon="6.77511">
        <ele>806.8</ele>
        <extensions>
          <type>
            <highway>cycleway</highway>
            <surface>undefined</surface>
            </type>
        </extensions>
      </trkpt>
      <trkpt lat="45.61373" lon="6.77558">
        <ele>805.5</ele>
        <extensions>
          <type>
            <highway>cycleway</highway>
            <surface>undefined</surface>
            </type>
        </extensions>
      </trkpt>
      <trkpt lat="45.61381" lon="6.77572">
        <ele>805.1</ele>
        <extensions>
          <type>
            <highway>cycleway</highway>
            <surface>undefined</surface>
            </type>
        </extensions>
      </trkpt>
      <trkpt lat="45.6139" lon="6.77574">
        <ele>805</ele>
        <extensions>
          <type>
            <highway>cycleway</highway>
            <surface>asphalt</surface>
            </type>
        </extensions>
      </trkpt>
      <trkpt lat="45.61571" lon="6.77498">
        <ele>805.1</ele>
        <extensions>
          <type>
            <highway>cycleway</highway>
            <surface>asphalt</surface>
            </type>
        </extensions>
      </trkpt>
      <trkpt lat="45.61626" lon="6.77496">
        <ele>805.6</ele>
        <extensions>
          <type>
            <highway>cycleway</highway>
            <surface>asphalt</surface>
            </type>
        </extensions>
      </trkpt>
      <trkpt lat="45.61657" lon="6.77486">
        <ele>805.2</ele>
        <extensions>
          <type>
            <highway>cycleway</highway>
            <surface>asphalt</surface>
            </type>
        </extensions>
      </trkpt>
      <trkpt lat="45.61697" lon="6.77459">
        <ele>805.5</ele>
        <extensions>
          <type>
            <highway>cycleway</highway>
            <surface>asphalt</surface>
            </type>
        </extensions>
      </trkpt>
      <trkpt lat="45.61749" lon="6.77442">
        <ele>805.1</ele>
        <extensions>
          <type>
            <highway>cycleway</highway>
            <surface>asphalt</surface>
            </type>
        </extensions>
      </trkpt>
      <trkpt lat="45.61827" lon="6.77377">
        <ele>805.6</ele>
        <extensions>
          <type>
            <highway>cycleway</highway>
            <surface>asphalt</surface>
            </type>
        </extensions>
      </trkpt>
      <trkpt lat="45.61837" lon="6.77383">
        <ele>805.3</ele>
        <extensions>
          <type>
            <highway>cycleway</highway>
            <surface>asphalt</surface>
            </type>
        </extensions>
      </trkpt>
      <trkpt lat="45.61881" lon="6.77542">
        <ele>805.7</ele>
        <extensions>
          <type>
            <highway>cycleway</highway>
            <surface>asphalt</surface>
            </type>
        </extensions>
      </trkpt>
      <trkpt lat="45.6186" lon="6.77575">
        <ele>805.7</ele>
        <extensions>
          <type>
            <highway>cycleway</highway>
            <surface>asphalt</surface>
            </type>
        </extensions>
      </trkpt>
      <trkpt lat="45.61851" lon="6.77603">
        <ele>805.6</ele>
        <extensions>
          <type>
            <highway>cycleway</highway>
            <surface>asphalt</surface>
            </type>
        </extensions>
      </trkpt>
      <trkpt lat="45.61809" lon="6.779">
        <ele>805.5</ele>
        <extensions>
          <type>
            <highway>cycleway</highway>
            <surface>asphalt</surface>
            </type>
        </extensions>
      </trkpt>
      <trkpt lat="45.61808" lon="6.77969">
        <ele>805.9</ele>
        <extensions>
          <type>
            <highway>cycleway</highway>
            <surface>asphalt</surface>
            </type>
        </extensions>
      </trkpt>
      <trkpt lat="45.61805" lon="6.77977">
        <ele>806</ele>
        <extensions>
          <type>
            <highway>cycleway</highway>
            <surface>asphalt</surface>
            </type>
        </extensions>
      </trkpt>
      <trkpt lat="45.61782" lon="6.77998">
        <ele>805.9</ele>
        <extensions>
          <type>
            <highway>cycleway</highway>
            <surface>asphalt</surface>
            </type>
        </extensions>
      </trkpt>
      <trkpt lat="45.6171" lon="6.78052">
        <ele>805.4</ele>
        <extensions>
          <type>
            <highway>cycleway</highway>
            <surface>asphalt</surface>
            </type>
        </extensions>
      </trkpt>
      <trkpt lat="45.61702" lon="6.78063">
        <ele>805.5</ele>
        <extensions>
          <type>
            <highway>cycleway</highway>
            <surface>asphalt</surface>
            </type>
        </extensions>
      </trkpt>
      <trkpt lat="45.61705" lon="6.78191">
        <ele>805.4</ele>
        <extensions>
          <type>
            <highway>cycleway</highway>
            <surface>asphalt</surface>
            </type>
        </extensions>
      </trkpt>
      <trkpt lat="45.61711" lon="6.78244">
        <ele>805.2</ele>
        <extensions>
          <type>
            <highway>cycleway</highway>
            <surface>asphalt</surface>
            </type>
        </extensions>
      </trkpt>
      <trkpt lat="45.6173" lon="6.7833">
        <ele>806</ele>
        <extensions>
          <type>
            <highway>cycleway</highway>
            <surface>asphalt</surface>
            </type>
        </extensions>
      </trkpt>
      <trkpt lat="45.61749" lon="6.78364">
        <ele>807</ele>
        <extensions>
          <type>
            <highway>cycleway</highway>
            <surface>asphalt</surface>
            </type>
        </extensions>
      </trkpt>
      <trkpt lat="45.61831" lon="6.78416">
        <ele>809.8</ele>
        <extensions>
          <type>
            <highway>cycleway</highway>
            <surface>asphalt</surface>
            </type>
        </extensions>
      </trkpt>
      <trkpt lat="45.61844" lon="6.7843">
        <ele>809.8</ele>
        <extensions>
          <type>
            <highway>cycleway</highway>
            <surface>asphalt</surface>
            </type>
        </extensions>
      </trkpt>
      <trkpt lat="45.61871" lon="6.78478">
        <ele>809.9</ele>
        <extensions>
          <type>
            <highway>cycleway</highway>
            <surface>asphalt</surface>
            </type>
        </extensions>
      </trkpt>
      <trkpt lat="45.61974" lon="6.78524">
        <ele>810.9</ele>
        <extensions>
          <type>
            <highway>cycleway</highway>
            <surface>asphalt</surface>
            </type>
        </extensions>
      </trkpt>
      <trkpt lat="45.62062" lon="6.78545">
        <ele>812.7</ele>
        <extensions>
          <type>
            <highway>cycleway</highway>
            <surface>asphalt</surface>
            </type>
        </extensions>
      </trkpt>
      <trkpt lat="45.62078" lon="6.7856">
        <ele>813</ele>
        <extensions>
          <type>
            <highway>cycleway</highway>
            <surface>asphalt</surface>
            </type>
        </extensions>
      </trkpt>
      <trkpt lat="45.62206" lon="6.78581">
        <ele>815.4</ele>
        <extensions>
          <type>
            <highway>cycleway</highway>
            <surface>asphalt</surface>
            </type>
        </extensions>
      </trkpt>
      <trkpt lat="45.62219" lon="6.78586">
        <ele>815.9</ele>
        <extensions>
          <type>
            <highway>cycleway</highway>
            <surface>asphalt</surface>
            </type>
        </extensions>
      </trkpt>
      <trkpt lat="45.62222" lon="6.78596">
        <ele>816</ele>
        <extensions>
          <type>
            <highway>cycleway</highway>
            <surface>asphalt</surface>
            </type>
        </extensions>
      </trkpt>
      <trkpt lat="45.62221" lon="6.78609">
        <ele>816</ele>
        <extensions>
          <type>
            <highway>cycleway</highway>
            <surface>asphalt</surface>
            </type>
        </extensions>
      </trkpt>
      <trkpt lat="45.62185" lon="6.78706">
        <ele>817.7</ele>
        <extensions>
          <type>
            <highway>cycleway</highway>
            <surface>asphalt</surface>
            </type>
        </extensions>
      </trkpt>
      <trkpt lat="45.62154" lon="6.78769">
        <ele>817.4</ele>
        <extensions>
          <type>
            <highway>cycleway</highway>
            <surface>asphalt</surface>
            </type>
        </extensions>
      </trkpt>
      <trkpt lat="45.62153" lon="6.78785">
        <ele>817.5</ele>
        <extensions>
          <type>
            <highway>cycleway</highway>
            <surface>undefined</surface>
            </type>
        </extensions>
      </trkpt>
      <trkpt lat="45.62131" lon="6.78821">
        <ele>815.9</ele>
        <extensions>
          <type>
            <highway>cycleway</highway>
            <surface>asphalt</surface>
            </type>
        </extensions>
      </trkpt>
      <trkpt lat="45.62084" lon="6.78859">
        <ele>815</ele>
        <extensions>
          <type>
            <highway>cycleway</highway>
            <surface>asphalt</surface>
            </type>
        </extensions>
      </trkpt>
      <trkpt lat="45.62029" lon="6.78878">
        <ele>812.1</ele>
        <extensions>
          <type>
            <highway>cycleway</highway>
            <surface>asphalt</surface>
            </type>
        </extensions>
      </trkpt>
      <trkpt lat="45.62027" lon="6.78917">
        <ele>812</ele>
        <extensions>
          <type>
            <highway>secondary</highway>
            <surface>asphalt</surface>
            </type>
        </extensions>
      </trkpt>
      <trkpt lat="45.62052" lon="6.78983">
        <ele>813.8</ele>
        <extensions>
          <type>
            <highway>secondary</highway>
            <surface>asphalt</surface>
            </type>
        </extensions>
      </trkpt>
      <trkpt lat="45.62052" lon="6.79017">
        <ele>814.3</ele>
        <extensions>
          <type>
            <highway>cycleway</highway>
            <surface>asphalt</surface>
            </type>
        </extensions>
      </trkpt>
      <trkpt lat="45.6208" lon="6.7911">
        <ele>816.8</ele>
        <extensions>
          <type>
            <highway>cycleway</highway>
            <surface>asphalt</surface>
            </type>
        </extensions>
      </trkpt>
      <trkpt lat="45.62064" lon="6.79296">
        <ele>826.7</ele>
        <extensions>
          <type>
            <highway>cycleway</highway>
            <surface>asphalt</surface>
            </type>
        </extensions>
      </trkpt>
      <trkpt lat="45.62068" lon="6.79319">
        <ele>829.1</ele>
        <extensions>
          <type>
            <highway>cycleway</highway>
            <surface>asphalt</surface>
            </type>
        </extensions>
      </trkpt>
      <trkpt lat="45.61998" lon="6.79547">
        <ele>836.5</ele>
        <extensions>
          <type>
            <highway>cycleway</highway>
            <surface>asphalt</surface>
            </type>
        </extensions>
      </trkpt>
      <trkpt lat="45.61904" lon="6.79568">
        <ele>827.5</ele>
        <extensions>
          <type>
            <highway>cycleway</highway>
            <surface>asphalt</surface>
            </type>
        </extensions>
      </trkpt>
      <trkpt lat="45.61904" lon="6.79568">
        <ele>827.5</ele>
        <extensions>
          <type>
            <highway>cycleway</highway>
            <surface>asphalt</surface>
            </type>
        </extensions>
      </trkpt>
      <trkpt lat="45.61888" lon="6.79567">
        <ele>825.2</ele>
        <extensions>
          <type>
            <highway>cycleway</highway>
            <surface>asphalt</surface>
            </type>
        </extensions>
      </trkpt>
      <trkpt lat="45.61866" lon="6.79551">
        <ele>818</ele>
        <extensions>
          <type>
            <highway>cycleway</highway>
            <surface>asphalt</surface>
            </type>
        </extensions>
      </trkpt>
      <trkpt lat="45.61846" lon="6.79512">
        <ele>812.5</ele>
        <extensions>
          <type>
            <highway>cycleway</highway>
            <surface>asphalt</surface>
            </type>
        </extensions>
      </trkpt>
      <trkpt lat="45.61823" lon="6.7951">
        <ele>810.9</ele>
        <extensions>
          <type>
            <highway>cycleway</highway>
            <surface>undefined</surface>
            </type>
        </extensions>
      </trkpt>
      <trkpt lat="45.61813" lon="6.79493">
        <ele>812</ele>
        <extensions>
          <type>
            <highway>cycleway</highway>
            <surface>undefined</surface>
            </type>
        </extensions>
      </trkpt>
      <trkpt lat="45.61807" lon="6.79494">
        <ele>813.3</ele>
        <extensions>
          <type>
            <highway>cycleway</highway>
            <surface>undefined</surface>
            </type>
        </extensions>
      </trkpt>
      <trkpt lat="45.61769" lon="6.79684">
        <ele>827.7</ele>
        <extensions>
          <type>
            <highway>cycleway</highway>
            <surface>undefined</surface>
            </type>
        </extensions>
      </trkpt>
      <trkpt lat="45.61767" lon="6.79732">
        <ele>831.5</ele>
        <extensions>
          <type>
            <highway>cycleway</highway>
            <surface>undefined</surface>
            </type>
        </extensions>
      </trkpt>
      <trkpt lat="45.61772" lon="6.79765">
        <ele>831.1</ele>
        <extensions>
          <type>
            <highway>cycleway</highway>
            <surface>asphalt</surface>
            </type>
        </extensions>
      </trkpt>
      <trkpt lat="45.61758" lon="6.79873">
        <ele>829.9</ele>
        <extensions>
          <type>
            <highway>cycleway</highway>
            <surface>asphalt</surface>
            </type>
        </extensions>
      </trkpt>
      <trkpt lat="45.61689" lon="6.80002">
        <ele>834.4</ele>
        <extensions>
          <type>
            <highway>cycleway</highway>
            <surface>asphalt</surface>
            </type>
        </extensions>
      </trkpt>
      <trkpt lat="45.61674" lon="6.80066">
        <ele>829.7</ele>
        <extensions>
          <type>
            <highway>cycleway</highway>
            <surface>asphalt</surface>
            </type>
        </extensions>
      </trkpt>
      <trkpt lat="45.61684" lon="6.80303">
        <ele>824.2</ele>
        <extensions>
          <type>
            <highway>cycleway</highway>
            <surface>asphalt</surface>
            </type>
        </extensions>
      </trkpt>
      <trkpt lat="45.61607" lon="6.80477">
        <ele>835</ele>
        <extensions>
          <type>
            <highway>cycleway</highway>
            <surface>asphalt</surface>
            </type>
        </extensions>
      </trkpt>
      <trkpt lat="45.616" lon="6.8064">
        <ele>827.7</ele>
        <extensions>
          <type>
            <highway>cycleway</highway>
            <surface>asphalt</surface>
            </type>
        </extensions>
      </trkpt>
      <trkpt lat="45.61588" lon="6.80676">
        <ele>829.2</ele>
        <extensions>
          <type>
            <highway>cycleway</highway>
            <surface>asphalt</surface>
            </type>
        </extensions>
      </trkpt>
      <trkpt lat="45.61531" lon="6.80775">
        <ele>828.5</ele>
        <extensions>
          <type>
            <highway>cycleway</highway>
            <surface>asphalt</surface>
            </type>
        </extensions>
      </trkpt>
      <trkpt lat="45.61508" lon="6.80833">
        <ele>831.4</ele>
        <extensions>
          <type>
            <highway>cycleway</highway>
            <surface>asphalt</surface>
            </type>
        </extensions>
      </trkpt>
      <trkpt lat="45.61469" lon="6.80967">
        <ele>831.7</ele>
        <extensions>
          <type>
            <highway>track</highway>
            <surface>undefined</surface>
            </type>
        </extensions>
      </trkpt>
      <trkpt lat="45.615" lon="6.80975">
        <ele>832.1</ele>
        <extensions>
          <type>
            <highway>track</highway>
            <surface>undefined</surface>
            </type>
        </extensions>
      </trkpt>
      <trkpt lat="45.61507" lon="6.80966">
        <ele>834.7</ele>
        <extensions>
          <type>
            <highway>track</highway>
            <surface>undefined</surface>
            </type>
        </extensions>
      </trkpt>
      <trkpt lat="45.61562" lon="6.80824">
        <ele>843.3</ele>
        <extensions>
          <type>
            <highway>track</highway>
            <surface>undefined</surface>
            </type>
        </extensions>
      </trkpt>
      <trkpt lat="45.61624" lon="6.80747">
        <ele>854</ele>
        <extensions>
          <type>
            <highway>track</highway>
            <surface>undefined</surface>
            </type>
        </extensions>
      </trkpt>
      <trkpt lat="45.61657" lon="6.80729">
        <ele>859.9</ele>
        <extensions>
          <type>
            <highway>track</highway>
            <surface>undefined</surface>
            </type>
        </extensions>
      </trkpt>
      <trkpt lat="45.61708" lon="6.80678">
        <ele>864.9</ele>
        <extensions>
          <type>
            <highway>track</highway>
            <surface>undefined</surface>
            </type>
        </extensions>
      </trkpt>
      <trkpt lat="45.61739" lon="6.80655">
        <ele>867.7</ele>
        <extensions>
          <type>
            <highway>track</highway>
            <surface>undefined</surface>
            </type>
        </extensions>
      </trkpt>
      <trkpt lat="45.61793" lon="6.80625">
        <ele>873.4</ele>
        <extensions>
          <type>
            <highway>track</highway>
            <surface>undefined</surface>
            </type>
        </extensions>
      </trkpt>
      <trkpt lat="45.61818" lon="6.80433">
        <ele>871.6</ele>
        <extensions>
          <type>
            <highway>track</highway>
            <surface>undefined</surface>
            </type>
        </extensions>
      </trkpt>
      <trkpt lat="45.61838" lon="6.80364">
        <ele>872</ele>
        <extensions>
          <type>
            <highway>track</highway>
            <surface>undefined</surface>
            </type>
        </extensions>
      </trkpt>
      <trkpt lat="45.61871" lon="6.80317">
        <ele>875.8</ele>
        <extensions>
          <type>
            <highway>track</highway>
            <surface>undefined</surface>
            </type>
        </extensions>
      </trkpt>
      <trkpt lat="45.61905" lon="6.80288">
        <ele>878.5</ele>
        <extensions>
          <type>
            <highway>track</highway>
            <surface>undefined</surface>
            </type>
        </extensions>
      </trkpt>
      <trkpt lat="45.61943" lon="6.80273">
        <ele>881.3</ele>
        <extensions>
          <type>
            <highway>track</highway>
            <surface>undefined</surface>
            </type>
        </extensions>
      </trkpt>
      <trkpt lat="45.61984" lon="6.80239">
        <ele>882.5</ele>
        <extensions>
          <type>
            <highway>track</highway>
            <surface>undefined</surface>
            </type>
        </extensions>
      </trkpt>
      <trkpt lat="45.62015" lon="6.8021">
        <ele>884.5</ele>
        <extensions>
          <type>
            <highway>residential</highway>
            <surface>asphalt</surface>
            </type>
        </extensions>
      </trkpt>
      <trkpt lat="45.62055" lon="6.80158">
        <ele>884.7</ele>
        <extensions>
          <type>
            <highway>residential</highway>
            <surface>asphalt</surface>
            </type>
        </extensions>
      </trkpt>
      <trkpt lat="45.62101" lon="6.80129">
        <ele>886</ele>
        <extensions>
          <type>
            <highway>residential</highway>
            <surface>asphalt</surface>
            </type>
        </extensions>
      </trkpt>
      <trkpt lat="45.62121" lon="6.80125">
        <ele>887.2</ele>
        <extensions>
          <type>
            <highway>residential</highway>
            <surface>asphalt</surface>
            </type>
        </extensions>
      </trkpt>
      <trkpt lat="45.62201" lon="6.80044">
        <ele>888.9</ele>
        <extensions>
          <type>
            <highway>residential</highway>
            <surface>asphalt</surface>
            </type>
        </extensions>
      </trkpt>
      <trkpt lat="45.62221" lon="6.80029">
        <ele>890</ele>
        <extensions>
          <type>
            <highway>service</highway>
            <surface>undefined</surface>
            </type>
        </extensions>
      </trkpt>
      <trkpt lat="45.62234" lon="6.79992">
        <ele>887.7</ele>
        <extensions>
          <type>
            <highway>service</highway>
            <surface>undefined</surface>
            </type>
        </extensions>
      </trkpt>
      <trkpt lat="45.62249" lon="6.79977">
        <ele>888.2</ele>
        <extensions>
          <type>
            <highway>service</highway>
            <surface>undefined</surface>
            </type>
        </extensions>
      </trkpt>
      <trkpt lat="45.62277" lon="6.79961">
        <ele>888.6</ele>
        <extensions>
          <type>
            <highway>footway</highway>
            <surface>undefined</surface>
            </type>
        </extensions>
      </trkpt>
      <trkpt lat="45.62291" lon="6.79941">
        <ele>888.2</ele>
        <extensions>
          <type>
            <highway>footway</highway>
            <surface>undefined</surface>
            </type>
        </extensions>
      </trkpt>
      <trkpt lat="45.62516" lon="6.79466">
        <ele>868.4</ele>
        <extensions>
          <type>
            <highway>footway</highway>
            <surface>undefined</surface>
            </type>
        </extensions>
      </trkpt>
      <trkpt lat="45.62518" lon="6.79447">
        <ele>867.7</ele>
        <extensions>
          <type>
            <highway>residential</highway>
            <surface>undefined</surface>
            </type>
        </extensions>
      </trkpt>
      <trkpt lat="45.62527" lon="6.79435">
        <ele>867.3</ele>
        <extensions>
          <type>
            <highway>primary</highway>
            <surface>asphalt</surface>
            </type>
        </extensions>
      </trkpt>
      <trkpt lat="45.62535" lon="6.79434">
        <ele>867</ele>
        <extensions>
          <type>
            <highway>primary</highway>
            <surface>asphalt</surface>
            </type>
        </extensions>
      </trkpt>
      <trkpt lat="45.62561" lon="6.79416">
        <ele>865.1</ele>
        <extensions>
          <type>
            <highway>service</highway>
            <surface>undefined</surface>
            </type>
        </extensions>
      </trkpt>
      <trkpt lat="45.62598" lon="6.79373">
        <ele>863.3</ele>
        <extensions>
          <type>
            <highway>residential</highway>
            <surface>asphalt</surface>
            </type>
        </extensions>
      </trkpt>
      <trkpt lat="45.62622" lon="6.79287">
        <ele>859.7</ele>
        <extensions>
          <type>
            <highway>residential</highway>
            <surface>asphalt</surface>
            </type>
        </extensions>
      </trkpt>
      <trkpt lat="45.62633" lon="6.79217">
        <ele>855.6</ele>
        <extensions>
          <type>
            <highway>residential</highway>
            <surface>asphalt</surface>
            </type>
        </extensions>
      </trkpt>
      <trkpt lat="45.62634" lon="6.7916">
        <ele>850.4</ele>
        <extensions>
          <type>
            <highway>residential</highway>
            <surface>asphalt</surface>
            </type>
        </extensions>
      </trkpt>
      <trkpt lat="45.62629" lon="6.7912">
        <ele>846.4</ele>
        <extensions>
          <type>
            <highway>residential</highway>
            <surface>asphalt</surface>
            </type>
        </extensions>
      </trkpt>
      <trkpt lat="45.62637" lon="6.79047">
        <ele>841.7</ele>
        <extensions>
          <type>
            <highway>residential</highway>
            <surface>undefined</surface>
            </type>
        </extensions>
      </trkpt>
      <trkpt lat="45.62621" lon="6.78996">
        <ele>838.7</ele>
        <extensions>
          <type>
            <highway>residential</highway>
            <surface>undefined</surface>
            </type>
        </extensions>
      </trkpt>
      <trkpt lat="45.62576" lon="6.78912">
        <ele>834.6</ele>
        <extensions>
          <type>
            <highway>residential</highway>
            <surface>undefined</surface>
            </type>
        </extensions>
      </trkpt>
      <trkpt lat="45.62588" lon="6.78834">
        <ele>831</ele>
        <extensions>
          <type>
            <highway>residential</highway>
            <surface>undefined</surface>
            </type>
        </extensions>
      </trkpt>
      <trkpt lat="45.62563" lon="6.78759">
        <ele>828.5</ele>
        <extensions>
          <type>
            <highway>residential</highway>
            <surface>undefined</surface>
            </type>
        </extensions>
      </trkpt>
      <trkpt lat="45.625" lon="6.78723">
        <ele>826</ele>
        <extensions>
          <type>
            <highway>residential</highway>
            <surface>undefined</surface>
            </type>
        </extensions>
      </trkpt>
      <trkpt lat="45.62415" lon="6.78661">
        <ele>822.2</ele>
        <extensions>
          <type>
            <highway>residential</highway>
            <surface>undefined</surface>
            </type>
        </extensions>
      </trkpt>
      <trkpt lat="45.62376" lon="6.78643">
        <ele>821.1</ele>
        <extensions>
          <type>
            <highway>residential</highway>
            <surface>undefined</surface>
            </type>
        </extensions>
      </trkpt>
      <trkpt lat="45.62322" lon="6.78605">
        <ele>818.9</ele>
        <extensions>
          <type>
            <highway>residential</highway>
            <surface>undefined</surface>
            </type>
        </extensions>
      </trkpt>
      <trkpt lat="45.62294" lon="6.78595">
        <ele>818.2</ele>
        <extensions>
          <type>
            <highway>path</highway>
            <surface>undefined</surface>
            </type>
        </extensions>
      </trkpt>
      <trkpt lat="45.62191" lon="6.78539">
        <ele>814.9</ele>
        <extensions>
          <type>
            <highway>path</highway>
            <surface>undefined</surface>
            </type>
        </extensions>
      </trkpt>
      <trkpt lat="45.62132" lon="6.78534">
        <ele>813.8</ele>
        <extensions>
          <type>
            <highway>path</highway>
            <surface>undefined</surface>
            </type>
        </extensions>
      </trkpt>
      <trkpt lat="45.62067" lon="6.78517">
        <ele>812.3</ele>
        <extensions>
          <type>
            <highway>path</highway>
            <surface>undefined</surface>
            </type>
        </extensions>
      </trkpt>
      <trkpt lat="45.62056" lon="6.78502">
        <ele>812</ele>
        <extensions>
          <type>
            <highway>path</highway>
            <surface>unpaved</surface>
            </type>
        </extensions>
      </trkpt>
      <trkpt lat="45.62033" lon="6.78411">
        <ele>810</ele>
        <extensions>
          <type>
            <highway>path</highway>
            <surface>unpaved</surface>
            </type>
        </extensions>
      </trkpt>
      <trkpt lat="45.6203" lon="6.78362">
        <ele>809.1</ele>
        <extensions>
          <type>
            <highway>path</highway>
            <surface>unpaved</surface>
            </type>
        </extensions>
      </trkpt>
      <trkpt lat="45.62009" lon="6.78302">
        <ele>809</ele>
        <extensions>
          <type>
            <highway>path</highway>
            <surface>unpaved</surface>
            </type>
        </extensions>
      </trkpt>
      <trkpt lat="45.62017" lon="6.78302">
        <ele>809</ele>
        <extensions>
          <type>
            <highway>path</highway>
            <surface>unpaved</surface>
            </type>
        </extensions>
      </trkpt>
      <trkpt lat="45.62041" lon="6.78315">
        <ele>809</ele>
        <extensions>
          <type>
            <highway>path</highway>
            <surface>unpaved</surface>
            </type>
        </extensions>
      </trkpt>
      <trkpt lat="45.62061" lon="6.78318">
        <ele>809.2</ele>
        <extensions>
          <type>
            <highway>path</highway>
            <surface>unpaved</surface>
            </type>
        </extensions>
      </trkpt>
      <trkpt lat="45.62074" lon="6.78313">
        <ele>809.7</ele>
        <extensions>
          <type>
            <highway>path</highway>
            <surface>unpaved</surface>
            </type>
        </extensions>
      </trkpt>
      <trkpt lat="45.62083" lon="6.78304">
        <ele>810</ele>
        <extensions>
          <type>
            <highway>path</highway>
            <surface>unpaved</surface>
            </type>
        </extensions>
      </trkpt>
      <trkpt lat="45.62089" lon="6.78284">
        <ele>810</ele>
        <extensions>
          <type>
            <highway>path</highway>
            <surface>unpaved</surface>
            </type>
        </extensions>
      </trkpt>
      <trkpt lat="45.62088" lon="6.7826">
        <ele>809.5</ele>
        <extensions>
          <type>
            <highway>path</highway>
            <surface>unpaved</surface>
            </type>
        </extensions>
      </trkpt>
      <trkpt lat="45.62081" lon="6.78241">
        <ele>809</ele>
        <extensions>
          <type>
            <highway>path</highway>
            <surface>undefined</surface>
            </type>
        </extensions>
      </trkpt>
      <trkpt lat="45.6199" lon="6.78107">
        <ele>807.1</ele>
        <extensions>
          <type>
            <highway>path</highway>
            <surface>undefined</surface>
            </type>
        </extensions>
      </trkpt>
      <trkpt lat="45.61976" lon="6.78057">
        <ele>807.1</ele>
        <extensions>
          <type>
            <highway>path</highway>
            <surface>undefined</surface>
            </type>
        </extensions>
      </trkpt>
      <trkpt lat="45.6193" lon="6.77994">
        <ele>806.5</ele>
        <extensions>
          <type>
            <highway>path</highway>
            <surface>undefined</surface>
            </type>
        </extensions>
      </trkpt>
      <trkpt lat="45.61836" lon="6.77842">
        <ele>806</ele>
        <extensions>
          <type>
            <highway>path</highway>
            <surface>undefined</surface>
            </type>
        </extensions>
      </trkpt>
      <trkpt lat="45.61833" lon="6.77822">
        <ele>806</ele>
        <extensions>
          <type>
            <highway>cycleway</highway>
            <surface>asphalt</surface>
            </type>
        </extensions>
      </trkpt>
      <trkpt lat="45.61842" lon="6.77763">
        <ele>806</ele>
        <extensions>
          <type>
            <highway>cycleway</highway>
            <surface>asphalt</surface>
            </type>
        </extensions>
      </trkpt>
      <trkpt lat="45.61852" lon="6.7775">
        <ele>806</ele>
        <extensions>
          <type>
            <highway>track</highway>
            <surface>ground</surface>
            </type>
        </extensions>
      </trkpt>
      <trkpt lat="45.61937" lon="6.77793">
        <ele>805.7</ele>
        <extensions>
          <type>
            <highway>track</highway>
            <surface>ground</surface>
            </type>
        </extensions>
      </trkpt>
      <trkpt lat="45.62025" lon="6.77888">
        <ele>806</ele>
        <extensions>
          <type>
            <highway>track</highway>
            <surface>ground</surface>
            </type>
        </extensions>
      </trkpt>
      <trkpt lat="45.62121" lon="6.77949">
        <ele>806.7</ele>
        <extensions>
          <type>
            <highway>track</highway>
            <surface>ground</surface>
            </type>
        </extensions>
      </trkpt>
      <trkpt lat="45.62203" lon="6.78069">
        <ele>810.4</ele>
        <extensions>
          <type>
            <highway>footway</highway>
            <surface>undefined</surface>
            </type>
        </extensions>
      </trkpt>
      <trkpt lat="45.62228" lon="6.78038">
        <ele>810.2</ele>
        <extensions>
          <type>
            <highway>track</highway>
            <surface>undefined</surface>
            </type>
        </extensions>
      </trkpt>
      <trkpt lat="45.6215" lon="6.77903">
        <ele>807.8</ele>
        <extensions>
          <type>
            <highway>undefined</highway>
            <surface>undefined</surface>
            </type>
        </extensions>
      </trkpt>
      <trkpt lat="45.62077" lon="6.778">
        <ele>806.6</ele>
        <extensions>
          <type>
            <highway>undefined</highway>
            <surface>undefined</surface>
            </type>
        </extensions>
      </trkpt>
      <trkpt lat="45.62043" lon="6.7777">
        <ele>806.3</ele>
        <extensions>
          <type>
            <highway>path</highway>
            <surface>undefined</surface>
            </type>
        </extensions>
      </trkpt>
      <trkpt lat="45.61984" lon="6.77729">
        <ele>806.1</ele>
        <extensions>
          <type>
            <highway>path</highway>
            <surface>undefined</surface>
            </type>
        </extensions>
      </trkpt>
      <trkpt lat="45.61948" lon="6.77722">
        <ele>806</ele>
        <extensions>
          <type>
            <highway>path</highway>
            <surface>undefined</surface>
            </type>
        </extensions>
      </trkpt>
      <trkpt lat="45.61904" lon="6.77705">
        <ele>805.3</ele>
        <extensions>
          <type>
            <highway>path</highway>
            <surface>undefined</surface>
            </type>
        </extensions>
      </trkpt>
      <trkpt lat="45.61885" lon="6.77688">
        <ele>805</ele>
        <extensions>
          <type>
            <highway>path</highway>
            <surface>undefined</surface>
            </type>
        </extensions>
      </trkpt>
      <trkpt lat="45.61879" lon="6.77671">
        <ele>805.3</ele>
        <extensions>
          <type>
            <highway>path</highway>
            <surface>undefined</surface>
            </type>
        </extensions>
      </trkpt>
      <trkpt lat="45.61864" lon="6.7766">
        <ele>805.9</ele>
        <extensions>
          <type>
            <highway>path</highway>
            <surface>undefined</surface>
            </type>
        </extensions>
      </trkpt>
      <trkpt lat="45.61854" lon="6.7764">
        <ele>805.5</ele>
        <extensions>
          <type>
            <highway>path</highway>
            <surface>undefined</surface>
            </type>
        </extensions>
      </trkpt>
      <trkpt lat="45.61877" lon="6.77562">
        <ele>805.7</ele>
        <extensions>
          <type>
            <highway>path</highway>
            <surface>undefined</surface>
            </type>
        </extensions>
      </trkpt>
      <trkpt lat="45.61895" lon="6.77522">
        <ele>806</ele>
        <extensions>
          <type>
            <highway>residential</highway>
            <surface>undefined</surface>
            </type>
        </extensions>
      </trkpt>
      <trkpt lat="45.61982" lon="6.77373">
        <ele>808</ele>
        <extensions>
          <type>
            <highway>residential</highway>
            <surface>undefined</surface>
            </type>
        </extensions>
      </trkpt>
      <trkpt lat="45.61999" lon="6.77354">
        <ele>807.7</ele>
        <extensions>
          <type>
            <highway>residential</highway>
            <surface>undefined</surface>
            </type>
        </extensions>
      </trkpt>
      <trkpt lat="45.6205" lon="6.77272">
        <ele>808.6</ele>
        <extensions>
          <type>
            <highway>residential</highway>
            <surface>undefined</surface>
            </type>
        </extensions>
      </trkpt>
      <trkpt lat="45.62061" lon="6.77208">
        <ele>811.1</ele>
        <extensions>
          <type>
            <highway>primary</highway>
            <surface>asphalt</surface>
            </type>
        </extensions>
      </trkpt>
      <trkpt lat="45.62046" lon="6.77161">
        <ele>812.2</ele>
        <extensions>
          <type>
            <highway>primary</highway>
            <surface>asphalt</surface>
            </type>
        </extensions>
      </trkpt>
      <trkpt lat="45.62059" lon="6.77131">
        <ele>813.2</ele>
        <extensions>
          <type>
            <highway>footway</highway>
            <surface>undefined</surface>
            </type>
        </extensions>
      </trkpt>
      <trkpt lat="45.62051" lon="6.77088">
        <ele>814.7</ele>
        <extensions>
          <type>
            <highway>footway</highway>
            <surface>undefined</surface>
            </type>
        </extensions>
      </trkpt>
      <trkpt lat="45.62041" lon="6.77082">
        <ele>814.5</ele>
        <extensions>
          <type>
            <highway>footway</highway>
            <surface>undefined</surface>
            </type>
        </extensions>
      </trkpt>
      <trkpt lat="45.62018" lon="6.77084">
        <ele>814</ele>
        <extensions>
          <type>
            <highway>footway</highway>
            <surface>undefined</surface>
            </type>
        </extensions>
      </trkpt>
      <trkpt lat="45.62003" lon="6.7708">
        <ele>814.6</ele>
        <extensions>
          <type>
            <highway>residential</highway>
            <surface>sett</surface>
            </type>
        </extensions>
      </trkpt>
      <trkpt lat="45.61849" lon="6.76923">
        <ele>820.3</ele>
        <extensions>
          <type>
            <highway>residential</highway>
            <surface>paving_stones</surface>
            </type>
        </extensions>
      </trkpt>
      <trkpt lat="45.61808" lon="6.76863">
        <ele>822.1</ele>
        <extensions>
          <type>
            <highway>residential</highway>
            <surface>paving_stones</surface>
            </type>
        </extensions>
      </trkpt>
      <trkpt lat="45.61764" lon="6.76784">
        <ele>826.7</ele>
        <extensions>
          <type>
            <highway>residential</highway>
            <surface>paving_stones</surface>
            </type>
        </extensions>
      </trkpt>
      <trkpt lat="45.61706" lon="6.7672">
        <ele>830.8</ele>
        <extensions>
          <type>
            <highway>residential</highway>
            <surface>undefined</surface>
            </type>
        </extensions>
      </trkpt>
      <trkpt lat="45.617" lon="6.7672">
        <ele>830.9</ele>
        <extensions>
          <type>
            <highway>residential</highway>
            <surface>undefined</surface>
            </type>
        </extensions>
      </trkpt>
      <trkpt lat="45.61668" lon="6.76785">
        <ele>831.9</ele>
        <extensions>
          <type>
            <highway>residential</highway>
            <surface>undefined</surface>
            </type>
        </extensions>
      </trkpt>
      <trkpt lat="45.61624" lon="6.76843">
        <ele>830.8</ele>
        <extensions>
          <type>
            <highway>residential</highway>
            <surface>undefined</surface>
            </type>
        </extensions>
      </trkpt>
      <trkpt lat="45.61498" lon="6.76972">
        <ele>825</ele>
        <extensions>
          <type>
            <highway>residential</highway>
            <surface>undefined</surface>
            </type>
        </extensions>
      </trkpt>
      <trkpt lat="45.61401" lon="6.77144">
        <ele>818.3</ele>
        <extensions>
          <type>
            <highway>tertiary</highway>
            <surface>asphalt</surface>
            </type>
        </extensions>
      </trkpt>
      <trkpt lat="45.61364" lon="6.77163">
        <ele>817.1</ele>
        <extensions>
          <type>
            <highway>tertiary</highway>
            <surface>asphalt</surface>
            </type>
        </extensions>
      </trkpt>
      <trkpt lat="45.61289" lon="6.77159">
        <ele>812.3</ele>
        <extensions>
          <type>
            <highway>tertiary</highway>
            <surface>asphalt</surface>
            </type>
        </extensions>
      </trkpt>
      <trkpt lat="45.6127" lon="6.77168">
        <ele>811.2</ele>
        <extensions>
          <type>
            <highway>tertiary</highway>
            <surface>asphalt</surface>
            </type>
        </extensions>
      </trkpt>
      <trkpt lat="45.61237" lon="6.77251">
        <ele>810.4</ele>
        <extensions>
          <type>
            <highway>tertiary</highway>
            <surface>asphalt</surface>
            </type>
        </extensions>
      </trkpt>
      <trkpt lat="45.61232" lon="6.77292">
        <ele>808.6</ele>
        <extensions>
          <type>
            <highway>tertiary</highway>
            <surface>asphalt</surface>
            </type>
        </extensions>
      </trkpt>
      <trkpt lat="45.61224" lon="6.77306">
        <ele>807.9</ele>
        <extensions>
          <type>
            <highway>unclassified</highway>
            <surface>asphalt</surface>
            </type>
        </extensions>
      </trkpt>
      <trkpt lat="45.61214" lon="6.77311">
        <ele>807.8</ele>
        <extensions>
          <type>
            <highway>unclassified</highway>
            <surface>asphalt</surface>
            </type>
        </extensions>
      </trkpt>
      <trkpt lat="45.61175" lon="6.77314">
        <ele>807.2</ele>
        <extensions>
          <type>
            <highway>unclassified</highway>
            <surface>asphalt</surface>
            </type>
        </extensions>
      </trkpt>
      <trkpt lat="45.61109" lon="6.77245">
        <ele>807.9</ele>
        <extensions>
          <type>
            <highway>unclassified</highway>
            <surface>asphalt</surface>
            </type>
        </extensions>
      </trkpt>
      <trkpt lat="45.61037" lon="6.77198">
        <ele>808.1</ele>
        <extensions>
          <type>
            <highway>unclassified</highway>
            <surface>asphalt</surface>
            </type>
        </extensions>
      </trkpt>
      <trkpt lat="45.60909" lon="6.77146">
        <ele>805.4</ele>
        <extensions>
          <type>
            <highway>unclassified</highway>
            <surface>asphalt</surface>
            </type>
        </extensions>
      </trkpt>
      <trkpt lat="45.60797" lon="6.77114">
        <ele>803.2</ele>
        <extensions>
          <type>
            <highway>unclassified</highway>
            <surface>asphalt</surface>
            </type>
        </extensions>
      </trkpt>
      <trkpt lat="45.6072" lon="6.77066">
        <ele>802.2</ele>
        <extensions>
          <type>
            <highway>unclassified</highway>
            <surface>asphalt</surface>
            </type>
        </extensions>
      </trkpt>
      <trkpt lat="45.60651" lon="6.7704">
        <ele>800.4</ele>
        <extensions>
          <type>
            <highway>unclassified</highway>
            <surface>asphalt</surface>
            </type>
        </extensions>
      </trkpt>
      <trkpt lat="45.6062" lon="6.77019">
        <ele>798.6</ele>
        <extensions>
          <type>
            <highway>unclassified</highway>
            <surface>undefined</surface>
            </type>
        </extensions>
      </trkpt>
      <trkpt lat="45.60605" lon="6.7699">
        <ele>798</ele>
        <extensions>
          <type>
            <highway>unclassified</highway>
            <surface>undefined</surface>
            </type>
        </extensions>
      </trkpt>
      <trkpt lat="45.60603" lon="6.76942">
        <ele>798.5</ele>
        <extensions>
          <type>
            <highway>unclassified</highway>
            <surface>undefined</surface>
            </type>
        </extensions>
      </trkpt>
      <trkpt lat="45.60609" lon="6.76906">
        <ele>800.2</ele>
        <extensions>
          <type>
            <highway>unclassified</highway>
            <surface>undefined</surface>
            </type>
        </extensions>
      </trkpt>
      <trkpt lat="45.60596" lon="6.76876">
        <ele>800.5</ele>
        <extensions>
          <type>
            <highway>unclassified</highway>
            <surface>undefined</surface>
            </type>
        </extensions>
      </trkpt>
      <trkpt lat="45.60564" lon="6.76824">
        <ele>801.1</ele>
        <extensions>
          <type>
            <highway>unclassified</highway>
            <surface>undefined</surface>
            </type>
        </extensions>
      </trkpt>
      <trkpt lat="45.60509" lon="6.76776">
        <ele>799.8</ele>
        <extensions>
          <type>
            <highway>unclassified</highway>
            <surface>undefined</surface>
            </type>
        </extensions>
      </trkpt>
      <trkpt lat="45.60457" lon="6.76751">
        <ele>797.8</ele>
        <extensions>
          <type>
            <highway>unclassified</highway>
            <surface>undefined</surface>
            </type>
        </extensions>
      </trkpt>
      <trkpt lat="45.60416" lon="6.76744">
        <ele>794.4</ele>
        <extensions>
          <type>
            <highway>unclassified</highway>
            <surface>undefined</surface>
            </type>
        </extensions>
      </trkpt>
      <trkpt lat="45.60404" lon="6.76707">
        <ele>793.9</ele>
        <extensions>
          <type>
            <highway>unclassified</highway>
            <surface>undefined</surface>
            </type>
        </extensions>
      </trkpt>
      <trkpt lat="45.60349" lon="6.76621">
        <ele>789.9</ele>
        <extensions>
          <type>
            <highway>unclassified</highway>
            <surface>undefined</surface>
            </type>
        </extensions>
      </trkpt>
      <trkpt lat="45.60328" lon="6.76578">
        <ele>787.7</ele>
        <extensions>
          <type>
            <highway>unclassified</highway>
            <surface>undefined</surface>
            </type>
        </extensions>
      </trkpt>
      <trkpt lat="45.60316" lon="6.76583">
        <ele>786.8</ele>
        <extensions>
          <type>
            <highway>cycleway</highway>
            <surface>undefined</surface>
            </type>
        </extensions>
      </trkpt>
      <trkpt lat="45.60256" lon="6.7669">
        <ele>784.9</ele>
        <extensions>
          <type>
            <highway>tertiary</highway>
            <surface>undefined</surface>
            </type>
        </extensions>
      </trkpt>
      <trkpt lat="45.60227" lon="6.76684">
        <ele>786.3</ele>
        <extensions>
          <type>
            <highway>tertiary</highway>
            <surface>undefined</surface>
            </type>
        </extensions>
      </trkpt>
      <trkpt lat="45.60185" lon="6.76658">
        <ele>786.4</ele>
        <extensions>
          <type>
            <highway>tertiary</highway>
            <surface>undefined</surface>
            </type>
        </extensions>
      </trkpt>
      <trkpt lat="45.60156" lon="6.76635">
        <ele>787.3</ele>
        <extensions>
          <type>
            <highway>service</highway>
            <surface>undefined</surface>
            </type>
        </extensions>
      </trkpt>
      <trkpt lat="45.60154" lon="6.76584">
        <ele>782.5</ele>
        <extensions>
          <type>
            <highway>path</highway>
            <surface>undefined</surface>
            </type>
        </extensions>
      </trkpt>
      <trkpt lat="45.60039" lon="6.76389">
        <ele>777</ele>
        <extensions>
          <type>
            <highway>path</highway>
            <surface>undefined</surface>
            </type>
        </extensions>
      </trkpt>
      <trkpt lat="45.59957" lon="6.76297">
        <ele>782.8</ele>
        <extensions>
          <type>
            <highway>path</highway>
            <surface>undefined</surface>
            </type>
        </extensions>
      </trkpt>
      <trkpt lat="45.5993" lon="6.7629">
        <ele>787</ele>
        <extensions>
          <type>
            <highway>path</highway>
            <surface>undefined</surface>
            </type>
        </extensions>
      </trkpt>
      <trkpt lat="45.59904" lon="6.76303">
        <ele>790.3</ele>
        <extensions>
          <type>
            <highway>path</highway>
            <surface>undefined</surface>
            </type>
        </extensions>
      </trkpt>
      <trkpt lat="45.59883" lon="6.76264">
        <ele>793.7</ele>
        <extensions>
          <type>
            <highway>tertiary</highway>
            <surface>undefined</surface>
            </type>
        </extensions>
      </trkpt>
      <trkpt lat="45.59865" lon="6.76254">
        <ele>793.5</ele>
        <extensions>
          <type>
            <highway>tertiary</highway>
            <surface>undefined</surface>
            </type>
        </extensions>
      </trkpt>
      <trkpt lat="45.59832" lon="6.76207">
        <ele>795.6</ele>
        <extensions>
          <type>
            <highway>tertiary</highway>
            <surface>undefined</surface>
            </type>
        </extensions>
      </trkpt>
      <trkpt lat="45.59841" lon="6.76191">
        <ele>794.6</ele>
        <extensions>
          <type>
            <highway>track</highway>
            <surface>undefined</surface>
            </type>
        </extensions>
      </trkpt>
      <trkpt lat="45.59866" lon="6.76187">
        <ele>793</ele>
        <extensions>
          <type>
            <highway>track</highway>
            <surface>undefined</surface>
            </type>
        </extensions>
      </trkpt>
      <trkpt lat="45.59873" lon="6.76168">
        <ele>792.1</ele>
        <extensions>
          <type>
            <highway>track</highway>
            <surface>undefined</surface>
            </type>
        </extensions>
      </trkpt>
      <trkpt lat="45.5985" lon="6.76116">
        <ele>788.6</ele>
        <extensions>
          <type>
            <highway>track</highway>
            <surface>undefined</surface>
            </type>
        </extensions>
      </trkpt>
      <trkpt lat="45.59846" lon="6.76092">
        <ele>786.5</ele>
        <extensions>
          <type>
            <highway>track</highway>
            <surface>undefined</surface>
            </type>
        </extensions>
      </trkpt>
      <trkpt lat="45.59849" lon="6.75986">
        <ele>777.2</ele>
        <extensions>
          <type>
            <highway>track</highway>
            <surface>undefined</surface>
            </type>
        </extensions>
      </trkpt>
      <trkpt lat="45.59842" lon="6.75927">
        <ele>772.9</ele>
        <extensions>
          <type>
            <highway>track</highway>
            <surface>undefined</surface>
            </type>
        </extensions>
      </trkpt>
      <trkpt lat="45.59831" lon="6.75892">
        <ele>771.1</ele>
        <extensions>
          <type>
            <highway>track</highway>
            <surface>undefined</surface>
            </type>
        </extensions>
      </trkpt>
      <trkpt lat="45.59816" lon="6.75874">
        <ele>769.9</ele>
        <extensions>
          <type>
            <highway>track</highway>
            <surface>undefined</surface>
            </type>
        </extensions>
      </trkpt>
      <trkpt lat="45.59804" lon="6.75868">
        <ele>769.6</ele>
        <extensions>
          <type>
            <highway>track</highway>
            <surface>undefined</surface>
            </type>
        </extensions>
      </trkpt>
      <trkpt lat="45.59741" lon="6.75787">
        <ele>766.5</ele>
        <extensions>
          <type>
            <highway>track</highway>
            <surface>undefined</surface>
            </type>
        </extensions>
      </trkpt>
      <trkpt lat="45.59713" lon="6.75763">
        <ele>765.6</ele>
        <extensions>
          <type>
            <highway>track</highway>
            <surface>undefined</surface>
            </type>
        </extensions>
      </trkpt>
      <trkpt lat="45.59629" lon="6.75733">
        <ele>771.1</ele>
        <extensions>
          <type>
            <highway>track</highway>
            <surface>undefined</surface>
            </type>
        </extensions>
      </trkpt>
      <trkpt lat="45.59577" lon="6.75656">
        <ele>770.4</ele>
        <extensions>
          <type>
            <highway>track</highway>
            <surface>undefined</surface>
            </type>
        </extensions>
      </trkpt>
      <trkpt lat="45.59521" lon="6.75605">
        <ele>773.4</ele>
        <extensions>
          <type>
            <highway>track</highway>
            <surface>undefined</surface>
            </type>
        </extensions>
      </trkpt>
      <trkpt lat="45.59514" lon="6.75593">
        <ele>773.2</ele>
        <extensions>
          <type>
            <highway>track</highway>
            <surface>undefined</surface>
            </type>
        </extensions>
      </trkpt>
      <trkpt lat="45.59498" lon="6.75592">
        <ele>774</ele>
        <extensions>
          <type>
            <highway>track</highway>
            <surface>undefined</surface>
            </type>
        </extensions>
      </trkpt>
      <trkpt lat="45.59488" lon="6.75583">
        <ele>773.4</ele>
        <extensions>
          <type>
            <highway>track</highway>
            <surface>undefined</surface>
            </type>
        </extensions>
      </trkpt>
      <trkpt lat="45.59395" lon="6.75548">
        <ele>767</ele>
        <extensions>
          <type>
            <highway>track</highway>
            <surface>undefined</surface>
            </type>
        </extensions>
      </trkpt>
      <trkpt lat="45.59324" lon="6.75551">
        <ele>766.9</ele>
        <extensions>
          <type>
            <highway>track</highway>
            <surface>undefined</surface>
            </type>
        </extensions>
      </trkpt>
      <trkpt lat="45.59287" lon="6.75539">
        <ele>767.7</ele>
        <extensions>
          <type>
            <highway>track</highway>
            <surface>undefined</surface>
            </type>
        </extensions>
      </trkpt>
      <trkpt lat="45.59255" lon="6.7551">
        <ele>765.1</ele>
        <extensions>
          <type>
            <highway>track</highway>
            <surface>undefined</surface>
            </type>
        </extensions>
      </trkpt>
      <trkpt lat="45.59238" lon="6.75507">
        <ele>766.2</ele>
        <extensions>
          <type>
            <highway>track</highway>
            <surface>undefined</surface>
            </type>
        </extensions>
      </trkpt>
      <trkpt lat="45.59214" lon="6.7549">
        <ele>765</ele>
        <extensions>
          <type>
            <highway>track</highway>
            <surface>undefined</surface>
            </type>
        </extensions>
      </trkpt>
      <trkpt lat="45.59187" lon="6.75451">
        <ele>759</ele>
        <extensions>
          <type>
            <highway>track</highway>
            <surface>undefined</surface>
            </type>
        </extensions>
      </trkpt>
      <trkpt lat="45.59157" lon="6.75427">
        <ele>759.5</ele>
        <extensions>
          <type>
            <highway>track</highway>
            <surface>undefined</surface>
            </type>
        </extensions>
      </trkpt>
      <trkpt lat="45.59134" lon="6.75376">
        <ele>756.8</ele>
        <extensions>
          <type>
            <highway>track</highway>
            <surface>undefined</surface>
            </type>
        </extensions>
      </trkpt>
      <trkpt lat="45.59134" lon="6.7536">
        <ele>756</ele>
        <extensions>
          <type>
            <highway>track</highway>
            <surface>undefined</surface>
            </type>
        </extensions>
      </trkpt>
      <trkpt lat="45.59174" lon="6.75251">
        <ele>755.3</ele>
        <extensions>
          <type>
            <highway>track</highway>
            <surface>undefined</surface>
            </type>
        </extensions>
      </trkpt>
      <trkpt lat="45.59171" lon="6.75237">
        <ele>755.1</ele>
        <extensions>
          <type>
            <highway>track</highway>
            <surface>undefined</surface>
            </type>
        </extensions>
      </trkpt>
      <trkpt lat="45.59078" lon="6.75174">
        <ele>753.9</ele>
        <extensions>
          <type>
            <highway>track</highway>
            <surface>undefined</surface>
            </type>
        </extensions>
      </trkpt>
      <trkpt lat="45.59033" lon="6.75132">
        <ele>752.8</ele>
        <extensions>
          <type>
            <highway>track</highway>
            <surface>undefined</surface>
            </type>
        </extensions>
      </trkpt>
      <trkpt lat="45.59003" lon="6.7508">
        <ele>752</ele>
        <extensions>
          <type>
            <highway>track</highway>
            <surface>undefined</surface>
            </type>
        </extensions>
      </trkpt>
      <trkpt lat="45.58975" lon="6.75047">
        <ele>751.7</ele>
        <extensions>
          <type>
            <highway>path</highway>
            <surface>undefined</surface>
            </type>
        </extensions>
      </trkpt>
      <trkpt lat="45.58988" lon="6.74993">
        <ele>751.4</ele>
        <extensions>
          <type>
            <highway>path</highway>
            <surface>undefined</surface>
            </type>
        </extensions>
      </trkpt>
      <trkpt lat="45.58976" lon="6.74974">
        <ele>751.2</ele>
        <extensions>
          <type>
            <highway>path</highway>
            <surface>undefined</surface>
            </type>
        </extensions>
      </trkpt>
      <trkpt lat="45.58918" lon="6.74931">
        <ele>750.6</ele>
        <extensions>
          <type>
            <highway>path</highway>
            <surface>undefined</surface>
            </type>
        </extensions>
      </trkpt>
      <trkpt lat="45.58912" lon="6.74932">
        <ele>750.5</ele>
        <extensions>
          <type>
            <highway>path</highway>
            <surface>undefined</surface>
            </type>
        </extensions>
      </trkpt>
      <trkpt lat="45.58907" lon="6.74967">
        <ele>750.9</ele>
        <extensions>
          <type>
            <highway>path</highway>
            <surface>undefined</surface>
            </type>
        </extensions>
      </trkpt>
      <trkpt lat="45.58919" lon="6.7499">
        <ele>750.9</ele>
        <extensions>
          <type>
            <highway>path</highway>
            <surface>undefined</surface>
            </type>
        </extensions>
      </trkpt>
      <trkpt lat="45.58966" lon="6.7505">
        <ele>751.8</ele>
        <extensions>
          <type>
            <highway>path</highway>
            <surface>undefined</surface>
            </type>
        </extensions>
      </trkpt>
      <trkpt lat="45.58961" lon="6.75063">
        <ele>752</ele>
        <extensions>
          <type>
            <highway>track</highway>
            <surface>undefined</surface>
            </type>
        </extensions>
      </trkpt>
      <trkpt lat="45.58927" lon="6.75078">
        <ele>752</ele>
        <extensions>
          <type>
            <highway>track</highway>
            <surface>undefined</surface>
            </type>
        </extensions>
      </trkpt>
      <trkpt lat="45.58909" lon="6.75072">
        <ele>751.9</ele>
        <extensions>
          <type>
            <highway>track</highway>
            <surface>undefined</surface>
            </type>
        </extensions>
      </trkpt>
      <trkpt lat="45.58885" lon="6.75048">
        <ele>751</ele>
        <extensions>
          <type>
            <highway>track</highway>
            <surface>undefined</surface>
            </type>
        </extensions>
      </trkpt>
      <trkpt lat="45.58816" lon="6.75025">
        <ele>751</ele>
        <extensions>
          <type>
            <highway>track</highway>
            <surface>undefined</surface>
            </type>
        </extensions>
      </trkpt>
      <trkpt lat="45.58768" lon="6.74964">
        <ele>750.5</ele>
        <extensions>
          <type>
            <highway>track</highway>
            <surface>undefined</surface>
            </type>
        </extensions>
      </trkpt>
      <trkpt lat="45.58753" lon="6.74959">
        <ele>750.1</ele>
        <extensions>
          <type>
            <highway>track</highway>
            <surface>undefined</surface>
            </type>
        </extensions>
      </trkpt>
      <trkpt lat="45.58736" lon="6.7496">
        <ele>749.8</ele>
        <extensions>
          <type>
            <highway>track</highway>
            <surface>undefined</surface>
            </type>
        </extensions>
      </trkpt>
      <trkpt lat="45.5872" lon="6.74977">
        <ele>750</ele>
        <extensions>
          <type>
            <highway>track</highway>
            <surface>undefined</surface>
            </type>
        </extensions>
      </trkpt>
      <trkpt lat="45.58668" lon="6.75103">
        <ele>750.7</ele>
        <extensions>
          <type>
            <highway>track</highway>
            <surface>undefined</surface>
            </type>
        </extensions>
      </trkpt>
      <trkpt lat="45.58649" lon="6.75114">
        <ele>750.4</ele>
        <extensions>
          <type>
            <highway>track</highway>
            <surface>undefined</surface>
            </type>
        </extensions>
      </trkpt>
      <trkpt lat="45.5859" lon="6.75072">
        <ele>750.8</ele>
        <extensions>
          <type>
            <highway>track</highway>
            <surface>undefined</surface>
            </type>
        </extensions>
      </trkpt>
      <trkpt lat="45.5857" lon="6.75041">
        <ele>751.2</ele>
        <extensions>
          <type>
            <highway>track</highway>
            <surface>undefined</surface>
            </type>
        </extensions>
      </trkpt>
      <trkpt lat="45.58526" lon="6.75013">
        <ele>752.2</ele>
        <extensions>
          <type>
            <highway>track</highway>
            <surface>undefined</surface>
            </type>
        </extensions>
      </trkpt>
      <trkpt lat="45.58516" lon="6.75017">
        <ele>754</ele>
        <extensions>
          <type>
            <highway>track</highway>
            <surface>undefined</surface>
            </type>
        </extensions>
      </trkpt>
      <trkpt lat="45.58505" lon="6.75009">
        <ele>754.6</ele>
        <extensions>
          <type>
            <highway>track</highway>
            <surface>undefined</surface>
            </type>
        </extensions>
      </trkpt>
      <trkpt lat="45.58448" lon="6.7493">
        <ele>756.5</ele>
        <extensions>
          <type>
            <highway>track</highway>
            <surface>undefined</surface>
            </type>
        </extensions>
      </trkpt>
      <trkpt lat="45.58424" lon="6.74908">
        <ele>757</ele>
        <extensions>
          <type>
            <highway>track</highway>
            <surface>undefined</surface>
            </type>
        </extensions>
      </trkpt>
      <trkpt lat="45.58395" lon="6.74887">
        <ele>756.4</ele>
        <extensions>
          <type>
            <highway>track</highway>
            <surface>undefined</surface>
            </type>
        </extensions>
      </trkpt>
      <trkpt lat="45.58236" lon="6.74799">
        <ele>752.3</ele>
        <extensions>
          <type>
            <highway>track</highway>
            <surface>undefined</surface>
            </type>
        </extensions>
      </trkpt>
      <trkpt lat="45.58208" lon="6.74778">
        <ele>750.6</ele>
        <extensions>
          <type>
            <highway>track</highway>
            <surface>undefined</surface>
            </type>
        </extensions>
      </trkpt>
      <trkpt lat="45.58155" lon="6.74723">
        <ele>749.9</ele>
        <extensions>
          <type>
            <highway>track</highway>
            <surface>undefined</surface>
            </type>
        </extensions>
      </trkpt>
      <trkpt lat="45.58149" lon="6.74708">
        <ele>748.9</ele>
        <extensions>
          <type>
            <highway>track</highway>
            <surface>undefined</surface>
            </type>
        </extensions>
      </trkpt>
      <trkpt lat="45.58151" lon="6.74679">
        <ele>745.5</ele>
        <extensions>
          <type>
            <highway>track</highway>
            <surface>undefined</surface>
            </type>
        </extensions>
      </trkpt>
      <trkpt lat="45.58184" lon="6.74607">
        <ele>744.5</ele>
        <extensions>
          <type>
            <highway>cycleway</highway>
            <surface>asphalt</surface>
            </type>
        </extensions>
      </trkpt>
      <trkpt lat="45.58187" lon="6.7455">
        <ele>743.9</ele>
        <extensions>
          <type>
            <highway>cycleway</highway>
            <surface>asphalt</surface>
            </type>
        </extensions>
      </trkpt>
      <trkpt lat="45.58198" lon="6.74555">
        <ele>744</ele>
        <extensions>
          <type>
            <highway>cycleway</highway>
            <surface>asphalt</surface>
            </type>
        </extensions>
      </trkpt>
      <trkpt lat="45.58228" lon="6.7465">
        <ele>744.8</ele>
        <extensions>
          <type>
            <highway>cycleway</highway>
            <surface>asphalt</surface>
            </type>
        </extensions>
      </trkpt>
      <trkpt lat="45.58308" lon="6.74736">
        <ele>745</ele>
        <extensions>
          <type>
            <highway>cycleway</highway>
            <surface>asphalt</surface>
            </type>
        </extensions>
      </trkpt>
      <trkpt lat="45.58376" lon="6.74779">
        <ele>746.1</ele>
        <extensions>
          <type>
            <highway>cycleway</highway>
            <surface>asphalt</surface>
            </type>
        </extensions>
      </trkpt>
      <trkpt lat="45.58493" lon="6.74803">
        <ele>746.8</ele>
        <extensions>
          <type>
            <highway>cycleway</highway>
            <surface>asphalt</surface>
            </type>
        </extensions>
      </trkpt>
      <trkpt lat="45.58524" lon="6.74839">
        <ele>747.3</ele>
        <extensions>
          <type>
            <highway>cycleway</highway>
            <surface>asphalt</surface>
            </type>
        </extensions>
      </trkpt>
      <trkpt lat="45.5857" lon="6.74858">
        <ele>747.9</ele>
        <extensions>
          <type>
            <highway>cycleway</highway>
            <surface>asphalt</surface>
            </type>
        </extensions>
      </trkpt>
      <trkpt lat="45.58601" lon="6.7489">
        <ele>748</ele>
        <extensions>
          <type>
            <highway>cycleway</highway>
            <surface>asphalt</surface>
            </type>
        </extensions>
      </trkpt>
      <trkpt lat="45.5866" lon="6.74898">
        <ele>748.3</ele>
        <extensions>
          <type>
            <highway>cycleway</highway>
            <surface>asphalt</surface>
            </type>
        </extensions>
      </trkpt>
      <trkpt lat="45.58674" lon="6.74895">
        <ele>748.2</ele>
        <extensions>
          <type>
            <highway>cycleway</highway>
            <surface>asphalt</surface>
            </type>
        </extensions>
      </trkpt>
      <trkpt lat="45.587" lon="6.749">
        <ele>748.2</ele>
        <extensions>
          <type>
            <highway>cycleway</highway>
            <surface>asphalt</surface>
            </type>
        </extensions>
      </trkpt>
      <trkpt lat="45.58738" lon="6.74899">
        <ele>749</ele>
        <extensions>
          <type>
            <highway>cycleway</highway>
            <surface>asphalt</surface>
            </type>
        </extensions>
      </trkpt>
      <trkpt lat="45.58768" lon="6.74912">
        <ele>749</ele>
        <extensions>
          <type>
            <highway>cycleway</highway>
            <surface>asphalt</surface>
            </type>
        </extensions>
      </trkpt>
      <trkpt lat="45.58846" lon="6.74908">
        <ele>749.8</ele>
        <extensions>
          <type>
            <highway>cycleway</highway>
            <surface>asphalt</surface>
            </type>
        </extensions>
      </trkpt>
      <trkpt lat="45.5887" lon="6.74911">
        <ele>750.8</ele>
        <extensions>
          <type>
            <highway>cycleway</highway>
            <surface>asphalt</surface>
            </type>
        </extensions>
      </trkpt>
      <trkpt lat="45.58892" lon="6.74904">
        <ele>750.5</ele>
        <extensions>
          <type>
            <highway>cycleway</highway>
            <surface>asphalt</surface>
            </type>
        </extensions>
      </trkpt>
      <trkpt lat="45.58919" lon="6.74913">
        <ele>750.9</ele>
        <extensions>
          <type>
            <highway>cycleway</highway>
            <surface>asphalt</surface>
            </type>
        </extensions>
      </trkpt>
      <trkpt lat="45.58937" lon="6.74913">
        <ele>751.4</ele>
        <extensions>
          <type>
            <highway>cycleway</highway>
            <surface>asphalt</surface>
            </type>
        </extensions>
      </trkpt>
      <trkpt lat="45.58994" lon="6.74948">
        <ele>752.9</ele>
        <extensions>
          <type>
            <highway>cycleway</highway>
            <surface>asphalt</surface>
            </type>
        </extensions>
      </trkpt>
      <trkpt lat="45.59041" lon="6.74963">
        <ele>751.8</ele>
        <extensions>
          <type>
            <highway>cycleway</highway>
            <surface>asphalt</surface>
            </type>
        </extensions>
      </trkpt>
      <trkpt lat="45.59064" lon="6.74996">
        <ele>753</ele>
        <extensions>
          <type>
            <highway>cycleway</highway>
            <surface>asphalt</surface>
            </type>
        </extensions>
      </trkpt>
      <trkpt lat="45.59167" lon="6.75013">
        <ele>753.5</ele>
        <extensions>
          <type>
            <highway>cycleway</highway>
            <surface>asphalt</surface>
            </type>
        </extensions>
      </trkpt>
      <trkpt lat="45.59237" lon="6.75091">
        <ele>755</ele>
        <extensions>
          <type>
            <highway>cycleway</highway>
            <surface>asphalt</surface>
            </type>
        </extensions>
      </trkpt>
      <trkpt lat="45.59274" lon="6.75147">
        <ele>756.3</ele>
        <extensions>
          <type>
            <highway>cycleway</highway>
            <surface>asphalt</surface>
            </type>
        </extensions>
      </trkpt>
      <trkpt lat="45.59318" lon="6.75159">
        <ele>756.5</ele>
        <extensions>
          <type>
            <highway>cycleway</highway>
            <surface>asphalt</surface>
            </type>
        </extensions>
      </trkpt>
      <trkpt lat="45.59376" lon="6.75191">
        <ele>757.2</ele>
        <extensions>
          <type>
            <highway>cycleway</highway>
            <surface>asphalt</surface>
            </type>
        </extensions>
      </trkpt>
      <trkpt lat="45.59396" lon="6.75195">
        <ele>757.7</ele>
        <extensions>
          <type>
            <highway>cycleway</highway>
            <surface>asphalt</surface>
            </type>
        </extensions>
      </trkpt>
      <trkpt lat="45.59418" lon="6.75212">
        <ele>757.6</ele>
        <extensions>
          <type>
            <highway>cycleway</highway>
            <surface>asphalt</surface>
            </type>
        </extensions>
      </trkpt>
      <trkpt lat="45.59448" lon="6.75267">
        <ele>758.5</ele>
        <extensions>
          <type>
            <highway>cycleway</highway>
            <surface>asphalt</surface>
            </type>
        </extensions>
      </trkpt>
      <trkpt lat="45.59492" lon="6.75313">
        <ele>758.9</ele>
        <extensions>
          <type>
            <highway>cycleway</highway>
            <surface>asphalt</surface>
            </type>
        </extensions>
      </trkpt>
      <trkpt lat="45.59529" lon="6.75363">
        <ele>759</ele>
        <extensions>
          <type>
            <highway>cycleway</highway>
            <surface>asphalt</surface>
            </type>
        </extensions>
      </trkpt>
      <trkpt lat="45.59567" lon="6.75395">
        <ele>759.7</ele>
        <extensions>
          <type>
            <highway>cycleway</highway>
            <surface>asphalt</surface>
            </type>
        </extensions>
      </trkpt>
      <trkpt lat="45.5958" lon="6.75415">
        <ele>759.9</ele>
        <extensions>
          <type>
            <highway>cycleway</highway>
            <surface>asphalt</surface>
            </type>
        </extensions>
      </trkpt>
      <trkpt lat="45.59611" lon="6.75428">
        <ele>760</ele>
        <extensions>
          <type>
            <highway>cycleway</highway>
            <surface>asphalt</surface>
            </type>
        </extensions>
      </trkpt>
      <trkpt lat="45.59693" lon="6.75484">
        <ele>761</ele>
        <extensions>
          <type>
            <highway>cycleway</highway>
            <surface>asphalt</surface>
            </type>
        </extensions>
      </trkpt>
      <trkpt lat="45.59717" lon="6.75488">
        <ele>761</ele>
        <extensions>
          <type>
            <highway>cycleway</highway>
            <surface>asphalt</surface>
            </type>
        </extensions>
      </trkpt>
      <trkpt lat="45.59726" lon="6.75495">
        <ele>761</ele>
        <extensions>
          <type>
            <highway>cycleway</highway>
            <surface>asphalt</surface>
            </type>
        </extensions>
      </trkpt>
      <trkpt lat="45.59757" lon="6.7554">
        <ele>761.6</ele>
        <extensions>
          <type>
            <highway>cycleway</highway>
            <surface>asphalt</surface>
            </type>
        </extensions>
      </trkpt>
      <trkpt lat="45.59798" lon="6.75636">
        <ele>763</ele>
        <extensions>
          <type>
            <highway>cycleway</highway>
            <surface>asphalt</surface>
            </type>
        </extensions>
      </trkpt>
      <trkpt lat="45.59799" lon="6.75696">
        <ele>764</ele>
        <extensions>
          <type>
            <highway>cycleway</highway>
            <surface>asphalt</surface>
            </type>
        </extensions>
      </trkpt>
      <trkpt lat="45.59804" lon="6.75721">
        <ele>764.9</ele>
        <extensions>
          <type>
            <highway>cycleway</highway>
            <surface>asphalt</surface>
            </type>
        </extensions>
      </trkpt>
      <trkpt lat="45.59829" lon="6.75753">
        <ele>765.9</ele>
        <extensions>
          <type>
            <highway>cycleway</highway>
            <surface>asphalt</surface>
            </type>
        </extensions>
      </trkpt>
      <trkpt lat="45.59838" lon="6.75795">
        <ele>766.6</ele>
        <extensions>
          <type>
            <highway>cycleway</highway>
            <surface>asphalt</surface>
            </type>
        </extensions>
      </trkpt>
      <trkpt lat="45.59859" lon="6.75813">
        <ele>767.3</ele>
        <extensions>
          <type>
            <highway>cycleway</highway>
            <surface>asphalt</surface>
            </type>
        </extensions>
      </trkpt>
      <trkpt lat="45.59882" lon="6.75851">
        <ele>769.3</ele>
        <extensions>
          <type>
            <highway>cycleway</highway>
            <surface>asphalt</surface>
            </type>
        </extensions>
      </trkpt>
      <trkpt lat="45.59891" lon="6.75882">
        <ele>770.7</ele>
        <extensions>
          <type>
            <highway>cycleway</highway>
            <surface>asphalt</surface>
            </type>
        </extensions>
      </trkpt>
      <trkpt lat="45.59898" lon="6.75888">
        <ele>770.6</ele>
        <extensions>
          <type>
            <highway>cycleway</highway>
            <surface>asphalt</surface>
            </type>
        </extensions>
      </trkpt>
      <trkpt lat="45.59929" lon="6.75886">
        <ele>768.9</ele>
        <extensions>
          <type>
            <highway>cycleway</highway>
            <surface>asphalt</surface>
            </type>
        </extensions>
      </trkpt>
      <trkpt lat="45.5994" lon="6.75895">
        <ele>768.8</ele>
        <extensions>
          <type>
            <highway>cycleway</highway>
            <surface>asphalt</surface>
            </type>
        </extensions>
      </trkpt>
      <trkpt lat="45.59956" lon="6.75914">
        <ele>769</ele>
        <extensions>
          <type>
            <highway>cycleway</highway>
            <surface>asphalt</surface>
            </type>
        </extensions>
      </trkpt>
      <trkpt lat="45.59964" lon="6.75942">
        <ele>771.8</ele>
        <extensions>
          <type>
            <highway>cycleway</highway>
            <surface>asphalt</surface>
            </type>
        </extensions>
      </trkpt>
      <trkpt lat="45.59989" lon="6.7596">
        <ele>771.8</ele>
        <extensions>
          <type>
            <highway>cycleway</highway>
            <surface>asphalt</surface>
            </type>
        </extensions>
      </trkpt>
      <trkpt lat="45.60045" lon="6.76022">
        <ele>771.5</ele>
        <extensions>
          <type>
            <highway>cycleway</highway>
            <surface>asphalt</surface>
            </type>
        </extensions>
      </trkpt>
      <trkpt lat="45.60073" lon="6.76086">
        <ele>771.5</ele>
        <extensions>
          <type>
            <highway>cycleway</highway>
            <surface>asphalt</surface>
            </type>
        </extensions>
      </trkpt>
      <trkpt lat="45.60077" lon="6.76208">
        <ele>774.8</ele>
        <extensions>
          <type>
            <highway>cycleway</highway>
            <surface>asphalt</surface>
            </type>
        </extensions>
      </trkpt>
      <trkpt lat="45.60088" lon="6.76264">
        <ele>775</ele>
        <extensions>
          <type>
            <highway>cycleway</highway>
            <surface>asphalt</surface>
            </type>
        </extensions>
      </trkpt>
      <trkpt lat="45.60081" lon="6.76306">
        <ele>776.2</ele>
        <extensions>
          <type>
            <highway>cycleway</highway>
            <surface>asphalt</surface>
            </type>
        </extensions>
      </trkpt>
      <trkpt lat="45.60088" lon="6.76352">
        <ele>775.7</ele>
        <extensions>
          <type>
            <highway>cycleway</highway>
            <surface>asphalt</surface>
            </type>
        </extensions>
      </trkpt>
      <trkpt lat="45.60084" lon="6.76385">
        <ele>776</ele>
        <extensions>
          <type>
            <highway>cycleway</highway>
            <surface>asphalt</surface>
            </type>
        </extensions>
      </trkpt>
      <trkpt lat="45.60094" lon="6.76465">
        <ele>778.2</ele>
        <extensions>
          <type>
            <highway>cycleway</highway>
            <surface>asphalt</surface>
            </type>
        </extensions>
      </trkpt>
      <trkpt lat="45.60156" lon="6.76569">
        <ele>781.7</ele>
        <extensions>
          <type>
            <highway>cycleway</highway>
            <surface>asphalt</surface>
            </type>
        </extensions>
      </trkpt>
      <trkpt lat="45.6017" lon="6.76611">
        <ele>781.9</ele>
        <extensions>
          <type>
            <highway>cycleway</highway>
            <surface>asphalt</surface>
            </type>
        </extensions>
      </trkpt>
      <trkpt lat="45.60185" lon="6.76629">
        <ele>782.2</ele>
        <extensions>
          <type>
            <highway>cycleway</highway>
            <surface>asphalt</surface>
            </type>
        </extensions>
      </trkpt>
      <trkpt lat="45.60231" lon="6.76654">
        <ele>781.6</ele>
        <extensions>
          <type>
            <highway>cycleway</highway>
            <surface>undefined</surface>
            </type>
        </extensions>
      </trkpt>
      <trkpt lat="45.60274" lon="6.7669">
        <ele>784</ele>
        <extensions>
          <type>
            <highway>cycleway</highway>
            <surface>undefined</surface>
            </type>
        </extensions>
      </trkpt>
      <trkpt lat="45.60294" lon="6.76696">
        <ele>783.9</ele>
        <extensions>
          <type>
            <highway>cycleway</highway>
            <surface>undefined</surface>
            </type>
        </extensions>
      </trkpt>
      <trkpt lat="45.60295" lon="6.76687">
        <ele>782.6</ele>
        <extensions>
          <type>
            <highway>cycleway</highway>
            <surface>undefined</surface>
            </type>
        </extensions>
      </trkpt>
      <trkpt lat="45.60276" lon="6.76682">
        <ele>783.6</ele>
        <extensions>
          <type>
            <highway>cycleway</highway>
            <surface>undefined</surface>
            </type>
        </extensions>
      </trkpt>
      <trkpt lat="45.60271" lon="6.76674">
        <ele>783</ele>
        <extensions>
          <type>
            <highway>cycleway</highway>
            <surface>undefined</surface>
            </type>
        </extensions>
      </trkpt>
      <trkpt lat="45.60303" lon="6.76615">
        <ele>785.2</ele>
        <extensions>
          <type>
            <highway>cycleway</highway>
            <surface>asphalt</surface>
            </type>
        </extensions>
      </trkpt>
      <trkpt lat="45.60308" lon="6.76614">
        <ele>785.9</ele>
        <extensions>
          <type>
            <highway>cycleway</highway>
            <surface>asphalt</surface>
            </type>
        </extensions>
      </trkpt>
      <trkpt lat="45.60339" lon="6.76649">
        <ele>788.5</ele>
        <extensions>
          <type>
            <highway>cycleway</highway>
            <surface>asphalt</surface>
            </type>
        </extensions>
      </trkpt>
      <trkpt lat="45.60374" lon="6.76703">
        <ele>789</ele>
        <extensions>
          <type>
            <highway>cycleway</highway>
            <surface>asphalt</surface>
            </type>
        </extensions>
      </trkpt>
      <trkpt lat="45.60385" lon="6.76735">
        <ele>787.4</ele>
        <extensions>
          <type>
            <highway>cycleway</highway>
            <surface>asphalt</surface>
            </type>
        </extensions>
      </trkpt>
      <trkpt lat="45.605" lon="6.76859">
        <ele>791.2</ele>
        <extensions>
          <type>
            <highway>cycleway</highway>
            <surface>asphalt</surface>
            </type>
        </extensions>
      </trkpt>
      <trkpt lat="45.60522" lon="6.76905">
        <ele>793.1</ele>
        <extensions>
          <type>
            <highway>cycleway</highway>
            <surface>asphalt</surface>
            </type>
        </extensions>
      </trkpt>
      <trkpt lat="45.60534" lon="6.76944">
        <ele>793.7</ele>
        <extensions>
          <type>
            <highway>cycleway</highway>
            <surface>asphalt</surface>
            </type>
        </extensions>
      </trkpt>
      <trkpt lat="45.6056" lon="6.76978">
        <ele>794.4</ele>
        <extensions>
          <type>
            <highway>cycleway</highway>
            <surface>asphalt</surface>
            </type>
        </extensions>
      </trkpt>
      <trkpt lat="45.6061" lon="6.77006">
        <ele>797.9</ele>
        <extensions>
          <type>
            <highway>cycleway</highway>
            <surface>undefined</surface>
            </type>
        </extensions>
      </trkpt>
      <trkpt lat="45.60626" lon="6.77033">
        <ele>798.7</ele>
        <extensions>
          <type>
            <highway>cycleway</highway>
            <surface>undefined</surface>
            </type>
        </extensions>
      </trkpt>
      <trkpt lat="45.6065" lon="6.77053">
        <ele>799.9</ele>
        <extensions>
          <type>
            <highway>cycleway</highway>
            <surface>undefined</surface>
            </type>
        </extensions>
      </trkpt>
      <trkpt lat="45.60707" lon="6.77077">
        <ele>800.9</ele>
        <extensions>
          <type>
            <highway>cycleway</highway>
            <surface>undefined</surface>
            </type>
        </extensions>
      </trkpt>
      <trkpt lat="45.60808" lon="6.77139">
        <ele>803.1</ele>
        <extensions>
          <type>
            <highway>cycleway</highway>
            <surface>undefined</surface>
            </type>
        </extensions>
      </trkpt>
      <trkpt lat="45.61023" lon="6.77207">
        <ele>806.6</ele>
        <extensions>
          <type>
            <highway>cycleway</highway>
            <surface>undefined</surface>
            </type>
        </extensions>
      </trkpt>
      <trkpt lat="45.61059" lon="6.77225">
        <ele>807.8</ele>
        <extensions>
          <type>
            <highway>cycleway</highway>
            <surface>undefined</surface>
            </type>
        </extensions>
      </trkpt>
      <trkpt lat="45.61104" lon="6.77259">
        <ele>807.2</ele>
        <extensions>
          <type>
            <highway>cycleway</highway>
            <surface>undefined</surface>
            </type>
        </extensions>
      </trkpt>
      <trkpt lat="45.61189" lon="6.77356">
        <ele>806.7</ele>
        <extensions>
          <type>
            <highway>cycleway</highway>
            <surface>undefined</surface>
            </type>
        </extensions>
      </trkpt>
      <trkpt lat="45.61234" lon="6.77429">
        <ele>805.6</ele>
        <extensions>
          <type>
            <highway>cycleway</highway>
            <surface>undefined</surface>
            </type>
        </extensions>
      </trkpt>
      <trkpt lat="45.61274" lon="6.77512">
        <ele>805.9</ele>
        <extensions>
          <type>
            <highway>cycleway</highway>
            <surface>undefined</surface>
            </type>
        </extensions>
      </trkpt>
      <trkpt lat="45.6131" lon="6.77535">
        <ele>806</ele>
        <extensions>
          <type>
            <highway>cycleway</highway>
            <surface>undefined</surface>
            </type>
        </extensions>
      </trkpt>
      <trkpt lat="45.61311" lon="6.77522">
        <ele>806.2</ele>
        <extensions>
          <type>
            <highway>service</highway>
            <surface>undefined</surface>
            </type>
        </extensions>
      </trkpt>
      <trkpt lat="45.61292" lon="6.77476">
        <ele>807</ele>
        <extensions>
          <type>
            <highway>service</highway>
            <surface>undefined</surface>
            </type>
        </extensions>
      </trkpt>
      <trkpt lat="45.6138" lon="6.77464">
        <ele>807.3</ele>
        <extensions>
          <type>
            <highway>service</highway>
            <surface>undefined</surface>
            </type>
        </extensions>
      </trkpt>
      <trkpt lat="45.61392" lon="6.77476">
        <ele>807</ele>
        <extensions>
          <type>
            <highway>service</highway>
            <surface>undefined</surface>
            </type>
        </extensions>
      </trkpt>
      <trkpt lat="45.61447" lon="6.77471">
        <ele>807</ele>
        <extensions>
          <type>
            <highway>service</highway>
            <surface>undefined</surface>
            </type>
        </extensions>
      </trkpt>
      <trkpt lat="45.61448" lon="6.77495">
        <ele>807</ele>
        <extensions>
          <type>
            <highway>service</highway>
            <surface>undefined</surface>
            </type>
        </extensions>
      </trkpt>
      <trkpt lat="45.61374" lon="6.77512">
        <ele>806.8</ele>
        <extensions>
          <type>
            <highway>cycleway</highway>
            <surface>undefined</surface>
            </type>
        </extensions>
      </trkpt>
      <trkpt lat="45.61373" lon="6.77563">
        <ele>805.4</ele>
        <extensions>
          <type>
            <highway>cycleway</highway>
            <surface>undefined</surface>
            </type>
        </extensions>
      </trkpt>
      <trkpt lat="45.61382" lon="6.77574">
        <ele>805.1</ele>
        <extensions>
          <type>
            <highway>cycleway</highway>
            <surface>asphalt</surface>
            </type>
        </extensions>
      </trkpt>
      <trkpt lat="45.6139" lon="6.77575">
        <ele>805</ele>
        <extensions>
          <type>
            <highway>cycleway</highway>
            <surface>asphalt</surface>
            </type>
        </extensions>
      </trkpt>
      <trkpt lat="45.61571" lon="6.77499">
        <ele>805</ele>
        <extensions>
          <type>
            <highway>cycleway</highway>
            <surface>asphalt</surface>
            </type>
        </extensions>
      </trkpt>
      <trkpt lat="45.61641" lon="6.77494">
        <ele>805.2</ele>
        <extensions>
          <type>
            <highway>cycleway</highway>
            <surface>asphalt</surface>
            </type>
        </extensions>
      </trkpt>
      <trkpt lat="45.61668" lon="6.77483">
        <ele>805.2</ele>
        <extensions>
          <type>
            <highway>cycleway</highway>
            <surface>asphalt</surface>
            </type>
        </extensions>
      </trkpt>
      <trkpt lat="45.61698" lon="6.7746">
        <ele>805.4</ele>
        <extensions>
          <type>
            <highway>cycleway</highway>
            <surface>asphalt</surface>
            </type>
        </extensions>
      </trkpt>
      <trkpt lat="45.61738" lon="6.7745">
        <ele>805.3</ele>
        <extensions>
          <type>
            <highway>cycleway</highway>
            <surface>asphalt</surface>
            </type>
        </extensions>
      </trkpt>
      <trkpt lat="45.61827" lon="6.77378">
        <ele>805.5</ele>
        <extensions>
          <type>
            <highway>cycleway</highway>
            <surface>asphalt</surface>
            </type>
        </extensions>
      </trkpt>
      <trkpt lat="45.61837" lon="6.77384">
        <ele>805.3</ele>
        <extensions>
          <type>
            <highway>cycleway</highway>
            <surface>asphalt</surface>
            </type>
        </extensions>
      </trkpt>
      <trkpt lat="45.6188" lon="6.77542">
        <ele>805.7</ele>
        <extensions>
          <type>
            <highway>cycleway</highway>
            <surface>asphalt</surface>
            </type>
        </extensions>
      </trkpt>
      <trkpt lat="45.6186" lon="6.77573">
        <ele>805.6</ele>
        <extensions>
          <type>
            <highway>cycleway</highway>
            <surface>asphalt</surface>
            </type>
        </extensions>
      </trkpt>
      <trkpt lat="45.6185" lon="6.77602">
        <ele>805.6</ele>
        <extensions>
          <type>
            <highway>cycleway</highway>
            <surface>asphalt</surface>
            </type>
        </extensions>
      </trkpt>
      <trkpt lat="45.61808" lon="6.77901">
        <ele>805.5</ele>
        <extensions>
          <type>
            <highway>cycleway</highway>
            <surface>asphalt</surface>
            </type>
        </extensions>
      </trkpt>
      <trkpt lat="45.61805" lon="6.77976">
        <ele>806</ele>
        <extensions>
          <type>
            <highway>cycleway</highway>
            <surface>asphalt</surface>
            </type>
        </extensions>
      </trkpt>
      <trkpt lat="45.6171" lon="6.78051">
        <ele>805.4</ele>
        <extensions>
          <type>
            <highway>cycleway</highway>
            <surface>asphalt</surface>
            </type>
        </extensions>
      </trkpt>
      <trkpt lat="45.61702" lon="6.78062">
        <ele>805.4</ele>
        <extensions>
          <type>
            <highway>cycleway</highway>
            <surface>asphalt</surface>
            </type>
        </extensions>
      </trkpt>
      <trkpt lat="45.61705" lon="6.78195">
        <ele>805.4</ele>
        <extensions>
          <type>
            <highway>cycleway</highway>
            <surface>asphalt</surface>
            </type>
        </extensions>
      </trkpt>
      <trkpt lat="45.61712" lon="6.78254">
        <ele>805.3</ele>
        <extensions>
          <type>
            <highway>cycleway</highway>
            <surface>asphalt</surface>
            </type>
        </extensions>
      </trkpt>
      <trkpt lat="45.6173" lon="6.78331">
        <ele>806</ele>
        <extensions>
          <type>
            <highway>cycleway</highway>
            <surface>asphalt</surface>
            </type>
        </extensions>
      </trkpt>
      <trkpt lat="45.6174" lon="6.78355">
        <ele>806.5</ele>
        <extensions>
          <type>
            <highway>cycleway</highway>
            <surface>asphalt</surface>
            </type>
        </extensions>
      </trkpt>
      <trkpt lat="45.61749" lon="6.78364">
        <ele>807</ele>
        <extensions>
          <type>
            <highway>cycleway</highway>
            <surface>asphalt</surface>
            </type>
        </extensions>
      </trkpt>
      <trkpt lat="45.6183" lon="6.78416">
        <ele>809.8</ele>
        <extensions>
          <type>
            <highway>cycleway</highway>
            <surface>asphalt</surface>
            </type>
        </extensions>
      </trkpt>
      <trkpt lat="45.61843" lon="6.7843">
        <ele>809.8</ele>
        <extensions>
          <type>
            <highway>cycleway</highway>
            <surface>asphalt</surface>
            </type>
        </extensions>
      </trkpt>
      <trkpt lat="45.61871" lon="6.78479">
        <ele>809.9</ele>
        <extensions>
          <type>
            <highway>cycleway</highway>
            <surface>asphalt</surface>
            </type>
        </extensions>
      </trkpt>
      <trkpt lat="45.61976" lon="6.78525">
        <ele>810.9</ele>
        <extensions>
          <type>
            <highway>cycleway</highway>
            <surface>asphalt</surface>
            </type>
        </extensions>
      </trkpt>
      <trkpt lat="45.62061" lon="6.78546">
        <ele>812.7</ele>
        <extensions>
          <type>
            <highway>cycleway</highway>
            <surface>asphalt</surface>
            </type>
        </extensions>
      </trkpt>
      <trkpt lat="45.62076" lon="6.7856">
        <ele>813</ele>
        <extensions>
          <type>
            <highway>cycleway</highway>
            <surface>asphalt</surface>
            </type>
        </extensions>
      </trkpt>
      <trkpt lat="45.62207" lon="6.78582">
        <ele>815.5</ele>
        <extensions>
          <type>
            <highway>cycleway</highway>
            <surface>asphalt</surface>
            </type>
        </extensions>
      </trkpt>
      <trkpt lat="45.62219" lon="6.78587">
        <ele>815.9</ele>
        <extensions>
          <type>
            <highway>cycleway</highway>
            <surface>asphalt</surface>
            </type>
        </extensions>
      </trkpt>
      <trkpt lat="45.62221" lon="6.78608">
        <ele>816</ele>
        <extensions>
          <type>
            <highway>cycleway</highway>
            <surface>asphalt</surface>
            </type>
        </extensions>
      </trkpt>
      <trkpt lat="45.62184" lon="6.78708">
        <ele>817.6</ele>
        <extensions>
          <type>
            <highway>cycleway</highway>
            <surface>asphalt</surface>
            </type>
        </extensions>
      </trkpt>
      <trkpt lat="45.62153" lon="6.7877">
        <ele>817.4</ele>
        <extensions>
          <type>
            <highway>cycleway</highway>
            <surface>asphalt</surface>
            </type>
        </extensions>
      </trkpt>
      <trkpt lat="45.62153" lon="6.78784">
        <ele>817.5</ele>
        <extensions>
          <type>
            <highway>cycleway</highway>
            <surface>undefined</surface>
            </type>
        </extensions>
      </trkpt>
      <trkpt lat="45.6213" lon="6.78822">
        <ele>815.9</ele>
        <extensions>
          <type>
            <highway>cycleway</highway>
            <surface>asphalt</surface>
            </type>
        </extensions>
      </trkpt>
      <trkpt lat="45.62082" lon="6.78859">
        <ele>815</ele>
        <extensions>
          <type>
            <highway>cycleway</highway>
            <surface>asphalt</surface>
            </type>
        </extensions>
      </trkpt>
      <trkpt lat="45.62028" lon="6.78878">
        <ele>812</ele>
        <extensions>
          <type>
            <highway>cycleway</highway>
            <surface>asphalt</surface>
            </type>
        </extensions>
      </trkpt>
      <trkpt lat="45.62027" lon="6.78916">
        <ele>812</ele>
        <extensions>
          <type>
            <highway>secondary</highway>
            <surface>asphalt</surface>
            </type>
        </extensions>
      </trkpt>
      <trkpt lat="45.62053" lon="6.78982">
        <ele>813.8</ele>
        <extensions>
          <type>
            <highway>secondary</highway>
            <surface>asphalt</surface>
            </type>
        </extensions>
      </trkpt>
      <trkpt lat="45.62052" lon="6.79016">
        <ele>814.3</ele>
        <extensions>
          <type>
            <highway>cycleway</highway>
            <surface>asphalt</surface>
            </type>
        </extensions>
      </trkpt>
      <trkpt lat="45.62081" lon="6.7911">
        <ele>816.8</ele>
        <extensions>
          <type>
            <highway>cycleway</highway>
            <surface>asphalt</surface>
            </type>
        </extensions>
      </trkpt>
      <trkpt lat="45.62065" lon="6.79285">
        <ele>825.3</ele>
        <extensions>
          <type>
            <highway>cycleway</highway>
            <surface>asphalt</surface>
            </type>
        </extensions>
      </trkpt>
      <trkpt lat="45.62067" lon="6.79318">
        <ele>828.9</ele>
        <extensions>
          <type>
            <highway>cycleway</highway>
            <surface>asphalt</surface>
            </type>
        </extensions>
      </trkpt>
      <trkpt lat="45.61998" lon="6.79547">
        <ele>836.5</ele>
        <extensions>
          <type>
            <highway>cycleway</highway>
            <surface>asphalt</surface>
            </type>
        </extensions>
      </trkpt>
      <trkpt lat="45.61905" lon="6.79567">
        <ele>827.3</ele>
        <extensions>
          <type>
            <highway>cycleway</highway>
            <surface>asphalt</surface>
            </type>
        </extensions>
      </trkpt>
      <trkpt lat="45.61888" lon="6.79566">
        <ele>825</ele>
        <extensions>
          <type>
            <highway>cycleway</highway>
            <surface>asphalt</surface>
            </type>
        </extensions>
      </trkpt>
      <trkpt lat="45.61867" lon="6.79551">
        <ele>818.2</ele>
        <extensions>
          <type>
            <highway>cycleway</highway>
            <surface>asphalt</surface>
            </type>
        </extensions>
      </trkpt>
      <trkpt lat="45.61847" lon="6.79512">
        <ele>812.9</ele>
        <extensions>
          <type>
            <highway>cycleway</highway>
            <surface>asphalt</surface>
            </type>
        </extensions>
      </trkpt>
      <trkpt lat="45.61823" lon="6.7951">
        <ele>810.9</ele>
        <extensions>
          <type>
            <highway>cycleway</highway>
            <surface>undefined</surface>
            </type>
        </extensions>
      </trkpt>
      <trkpt lat="45.61813" lon="6.79493">
        <ele>812</ele>
        <extensions>
          <type>
            <highway>cycleway</highway>
            <surface>undefined</surface>
            </type>
        </extensions>
      </trkpt>
      <trkpt lat="45.61807" lon="6.79495">
        <ele>813.3</ele>
        <extensions>
          <type>
            <highway>cycleway</highway>
            <surface>undefined</surface>
            </type>
        </extensions>
      </trkpt>
      <trkpt lat="45.61769" lon="6.79686">
        <ele>827.7</ele>
        <extensions>
          <type>
            <highway>cycleway</highway>
            <surface>undefined</surface>
            </type>
        </extensions>
      </trkpt>
      <trkpt lat="45.61767" lon="6.79732">
        <ele>831.5</ele>
        <extensions>
          <type>
            <highway>cycleway</highway>
            <surface>undefined</surface>
            </type>
        </extensions>
      </trkpt>
      <trkpt lat="45.61772" lon="6.79765">
        <ele>831.1</ele>
        <extensions>
          <type>
            <highway>cycleway</highway>
            <surface>asphalt</surface>
            </type>
        </extensions>
      </trkpt>
      <trkpt lat="45.61758" lon="6.79874">
        <ele>829.8</ele>
        <extensions>
          <type>
            <highway>cycleway</highway>
            <surface>asphalt</surface>
            </type>
        </extensions>
      </trkpt>
      <trkpt lat="45.6169" lon="6.80001">
        <ele>834.3</ele>
        <extensions>
          <type>
            <highway>cycleway</highway>
            <surface>asphalt</surface>
            </type>
        </extensions>
      </trkpt>
      <trkpt lat="45.61675" lon="6.80066">
        <ele>829</ele>
        <extensions>
          <type>
            <highway>cycleway</highway>
            <surface>asphalt</surface>
            </type>
        </extensions>
      </trkpt>
      <trkpt lat="45.61685" lon="6.80302">
        <ele>823.5</ele>
        <extensions>
          <type>
            <highway>cycleway</highway>
            <surface>asphalt</surface>
            </type>
        </extensions>
      </trkpt>
      <trkpt lat="45.61608" lon="6.80477">
        <ele>834.3</ele>
        <extensions>
          <type>
            <highway>cycleway</highway>
            <surface>asphalt</surface>
            </type>
        </extensions>
      </trkpt>
      <trkpt lat="45.61601" lon="6.8064">
        <ele>827.3</ele>
        <extensions>
          <type>
            <highway>cycleway</highway>
            <surface>asphalt</surface>
            </type>
        </extensions>
      </trkpt>
      <trkpt lat="45.61587" lon="6.8068">
        <ele>829.1</ele>
        <extensions>
          <type>
            <highway>cycleway</highway>
            <surface>asphalt</surface>
            </type>
        </extensions>
      </trkpt>
      <trkpt lat="45.61532" lon="6.80775">
        <ele>828.4</ele>
        <extensions>
          <type>
            <highway>cycleway</highway>
            <surface>asphalt</surface>
            </type>
        </extensions>
      </trkpt>
      <trkpt lat="45.61509" lon="6.80833">
        <ele>831.1</ele>
        <extensions>
          <type>
            <highway>cycleway</highway>
            <surface>asphalt</surface>
            </type>
        </extensions>
      </trkpt>
      <trkpt lat="45.6147" lon="6.80966">
        <ele>831.3</ele>
        <extensions>
          <type>
            <highway>track</highway>
            <surface>undefined</surface>
            </type>
        </extensions>
      </trkpt>
      <trkpt lat="45.61499" lon="6.80974">
        <ele>832</ele>
        <extensions>
          <type>
            <highway>track</highway>
            <surface>undefined</surface>
            </type>
        </extensions>
      </trkpt>
      <trkpt lat="45.61562" lon="6.80824">
        <ele>843.3</ele>
        <extensions>
          <type>
            <highway>track</highway>
            <surface>undefined</surface>
            </type>
        </extensions>
      </trkpt>
      <trkpt lat="45.61594" lon="6.80778">
        <ele>849.7</ele>
        <extensions>
          <type>
            <highway>track</highway>
            <surface>undefined</surface>
            </type>
        </extensions>
      </trkpt>
      <trkpt lat="45.61625" lon="6.80745">
        <ele>853.9</ele>
        <extensions>
          <type>
            <highway>track</highway>
            <surface>undefined</surface>
            </type>
        </extensions>
      </trkpt>
      <trkpt lat="45.61657" lon="6.80729">
        <ele>859.9</ele>
        <extensions>
          <type>
            <highway>track</highway>
            <surface>undefined</surface>
            </type>
        </extensions>
      </trkpt>
      <trkpt lat="45.61709" lon="6.80677">
        <ele>864.9</ele>
        <extensions>
          <type>
            <highway>track</highway>
            <surface>undefined</surface>
            </type>
        </extensions>
      </trkpt>
      <trkpt lat="45.6174" lon="6.80653">
        <ele>867.8</ele>
        <extensions>
          <type>
            <highway>track</highway>
            <surface>undefined</surface>
            </type>
        </extensions>
      </trkpt>
      <trkpt lat="45.61793" lon="6.80624">
        <ele>873.4</ele>
        <extensions>
          <type>
            <highway>track</highway>
            <surface>undefined</surface>
            </type>
        </extensions>
      </trkpt>
      <trkpt lat="45.61818" lon="6.80431">
        <ele>871.5</ele>
        <extensions>
          <type>
            <highway>track</highway>
            <surface>undefined</surface>
            </type>
        </extensions>
      </trkpt>
      <trkpt lat="45.61838" lon="6.80364">
        <ele>872</ele>
        <extensions>
          <type>
            <highway>track</highway>
            <surface>undefined</surface>
            </type>
        </extensions>
      </trkpt>
      <trkpt lat="45.61863" lon="6.80326">
        <ele>875</ele>
        <extensions>
          <type>
            <highway>track</highway>
            <surface>undefined</surface>
            </type>
        </extensions>
      </trkpt>
      <trkpt lat="45.61905" lon="6.80286">
        <ele>878.3</ele>
        <extensions>
          <type>
            <highway>track</highway>
            <surface>undefined</surface>
            </type>
        </extensions>
      </trkpt>
      <trkpt lat="45.61942" lon="6.80273">
        <ele>881.2</ele>
        <extensions>
          <type>
            <highway>track</highway>
            <surface>undefined</surface>
            </type>
        </extensions>
      </trkpt>
      <trkpt lat="45.61983" lon="6.80239">
        <ele>882.4</ele>
        <extensions>
          <type>
            <highway>track</highway>
            <surface>undefined</surface>
            </type>
        </extensions>
      </trkpt>
      <trkpt lat="45.62015" lon="6.80209">
        <ele>884.4</ele>
        <extensions>
          <type>
            <highway>residential</highway>
            <surface>asphalt</surface>
            </type>
        </extensions>
      </trkpt>
      <trkpt lat="45.62055" lon="6.80157">
        <ele>884.6</ele>
        <extensions>
          <type>
            <highway>residential</highway>
            <surface>asphalt</surface>
            </type>
        </extensions>
      </trkpt>
      <trkpt lat="45.621" lon="6.80129">
        <ele>886</ele>
        <extensions>
          <type>
            <highway>residential</highway>
            <surface>asphalt</surface>
            </type>
        </extensions>
      </trkpt>
      <trkpt lat="45.62121" lon="6.80124">
        <ele>887.2</ele>
        <extensions>
          <type>
            <highway>residential</highway>
            <surface>asphalt</surface>
            </type>
        </extensions>
      </trkpt>
      <trkpt lat="45.6222" lon="6.80029">
        <ele>889.8</ele>
        <extensions>
          <type>
            <highway>service</highway>
            <surface>undefined</surface>
            </type>
        </extensions>
      </trkpt>
      <trkpt lat="45.62235" lon="6.79992">
        <ele>887.8</ele>
        <extensions>
          <type>
            <highway>service</highway>
            <surface>undefined</surface>
            </type>
        </extensions>
      </trkpt>
      <trkpt lat="45.62249" lon="6.79978">
        <ele>888.3</ele>
        <extensions>
          <type>
            <highway>service</highway>
            <surface>undefined</surface>
            </type>
        </extensions>
      </trkpt>
      <trkpt lat="45.62278" lon="6.79962">
        <ele>888.6</ele>
        <extensions>
          <type>
            <highway>footway</highway>
            <surface>undefined</surface>
            </type>
        </extensions>
      </trkpt>
      <trkpt lat="45.62291" lon="6.79942">
        <ele>888.3</ele>
        <extensions>
          <type>
            <highway>footway</highway>
            <surface>undefined</surface>
            </type>
        </extensions>
      </trkpt>
      <trkpt lat="45.62517" lon="6.79467">
        <ele>868.4</ele>
        <extensions>
          <type>
            <highway>footway</highway>
            <surface>undefined</surface>
            </type>
        </extensions>
      </trkpt>
      <trkpt lat="45.62519" lon="6.79448">
        <ele>867.8</ele>
        <extensions>
          <type>
            <highway>footway</highway>
            <surface>undefined</surface>
            </type>
        </extensions>
      </trkpt>
      <trkpt lat="45.62527" lon="6.79437">
        <ele>867.4</ele>
        <extensions>
          <type>
            <highway>primary</highway>
            <surface>asphalt</surface>
            </type>
        </extensions>
      </trkpt>
      <trkpt lat="45.62561" lon="6.79417">
        <ele>865.2</ele>
        <extensions>
          <type>
            <highway>primary</highway>
            <surface>asphalt</surface>
            </type>
        </extensions>
      </trkpt>
      <trkpt lat="45.62598" lon="6.79375">
        <ele>863.6</ele>
        <extensions>
          <type>
            <highway>residential</highway>
            <surface>asphalt</surface>
            </type>
        </extensions>
      </trkpt>
      <trkpt lat="45.62623" lon="6.79287">
        <ele>859.8</ele>
        <extensions>
          <type>
            <highway>residential</highway>
            <surface>asphalt</surface>
            </type>
        </extensions>
      </trkpt>
      <trkpt lat="45.62634" lon="6.79217">
        <ele>855.8</ele>
        <extensions>
          <type>
            <highway>residential</highway>
            <surface>asphalt</surface>
            </type>
        </extensions>
      </trkpt>
      <trkpt lat="45.62635" lon="6.7916">
        <ele>850.5</ele>
        <extensions>
          <type>
            <highway>residential</highway>
            <surface>asphalt</surface>
            </type>
        </extensions>
      </trkpt>
      <trkpt lat="45.6263" lon="6.7912">
        <ele>846.4</ele>
        <extensions>
          <type>
            <highway>residential</highway>
            <surface>asphalt</surface>
            </type>
        </extensions>
      </trkpt>
      <trkpt lat="45.62638" lon="6.79047">
        <ele>841.7</ele>
        <extensions>
          <type>
            <highway>residential</highway>
            <surface>undefined</surface>
            </type>
        </extensions>
      </trkpt>
      <trkpt lat="45.62621" lon="6.78998">
        <ele>838.9</ele>
        <extensions>
          <type>
            <highway>residential</highway>
            <surface>undefined</surface>
            </type>
        </extensions>
      </trkpt>
      <trkpt lat="45.62576" lon="6.78913">
        <ele>834.6</ele>
        <extensions>
          <type>
            <highway>residential</highway>
            <surface>undefined</surface>
            </type>
        </extensions>
      </trkpt>
      <trkpt lat="45.62589" lon="6.78834">
        <ele>831</ele>
        <extensions>
          <type>
            <highway>residential</highway>
            <surface>undefined</surface>
            </type>
        </extensions>
      </trkpt>
      <trkpt lat="45.62563" lon="6.78759">
        <ele>828.5</ele>
        <extensions>
          <type>
            <highway>residential</highway>
            <surface>undefined</surface>
            </type>
        </extensions>
      </trkpt>
      <trkpt lat="45.62504" lon="6.78726">
        <ele>826.3</ele>
        <extensions>
          <type>
            <highway>residential</highway>
            <surface>undefined</surface>
            </type>
        </extensions>
      </trkpt>
      <trkpt lat="45.62416" lon="6.78661">
        <ele>822.2</ele>
        <extensions>
          <type>
            <highway>residential</highway>
            <surface>undefined</surface>
            </type>
        </extensions>
      </trkpt>
      <trkpt lat="45.62377" lon="6.78644">
        <ele>821.2</ele>
        <extensions>
          <type>
            <highway>residential</highway>
            <surface>undefined</surface>
            </type>
        </extensions>
      </trkpt>
      <trkpt lat="45.62323" lon="6.78605">
        <ele>818.9</ele>
        <extensions>
          <type>
            <highway>residential</highway>
            <surface>undefined</surface>
            </type>
        </extensions>
      </trkpt>
      <trkpt lat="45.62294" lon="6.78596">
        <ele>818.3</ele>
        <extensions>
          <type>
            <highway>path</highway>
            <surface>undefined</surface>
            </type>
        </extensions>
      </trkpt>
      <trkpt lat="45.62191" lon="6.7854">
        <ele>814.9</ele>
        <extensions>
          <type>
            <highway>path</highway>
            <surface>undefined</surface>
            </type>
        </extensions>
      </trkpt>
      <trkpt lat="45.62132" lon="6.78533">
        <ele>813.8</ele>
        <extensions>
          <type>
            <highway>path</highway>
            <surface>undefined</surface>
            </type>
        </extensions>
      </trkpt>
      <trkpt lat="45.62067" lon="6.78516">
        <ele>812.2</ele>
        <extensions>
          <type>
            <highway>path</highway>
            <surface>undefined</surface>
            </type>
        </extensions>
      </trkpt>
      <trkpt lat="45.62057" lon="6.78502">
        <ele>812</ele>
        <extensions>
          <type>
            <highway>path</highway>
            <surface>unpaved</surface>
            </type>
        </extensions>
      </trkpt>
      <trkpt lat="45.62032" lon="6.78412">
        <ele>810</ele>
        <extensions>
          <type>
            <highway>path</highway>
            <surface>unpaved</surface>
            </type>
        </extensions>
      </trkpt>
      <trkpt lat="45.6203" lon="6.78364">
        <ele>809.2</ele>
        <extensions>
          <type>
            <highway>path</highway>
            <surface>unpaved</surface>
            </type>
        </extensions>
      </trkpt>
      <trkpt lat="45.62008" lon="6.78301">
        <ele>809</ele>
        <extensions>
          <type>
            <highway>path</highway>
            <surface>unpaved</surface>
            </type>
        </extensions>
      </trkpt>
      <trkpt lat="45.62042" lon="6.78316">
        <ele>809</ele>
        <extensions>
          <type>
            <highway>path</highway>
            <surface>unpaved</surface>
            </type>
        </extensions>
      </trkpt>
      <trkpt lat="45.62061" lon="6.78319">
        <ele>809.2</ele>
        <extensions>
          <type>
            <highway>path</highway>
            <surface>unpaved</surface>
            </type>
        </extensions>
      </trkpt>
      <trkpt lat="45.62074" lon="6.78314">
        <ele>809.7</ele>
        <extensions>
          <type>
            <highway>path</highway>
            <surface>unpaved</surface>
            </type>
        </extensions>
      </trkpt>
      <trkpt lat="45.62083" lon="6.78304">
        <ele>810</ele>
        <extensions>
          <type>
            <highway>path</highway>
            <surface>unpaved</surface>
            </type>
        </extensions>
      </trkpt>
      <trkpt lat="45.6209" lon="6.78285">
        <ele>810</ele>
        <extensions>
          <type>
            <highway>path</highway>
            <surface>unpaved</surface>
            </type>
        </extensions>
      </trkpt>
      <trkpt lat="45.62089" lon="6.7826">
        <ele>809.5</ele>
        <extensions>
          <type>
            <highway>path</highway>
            <surface>unpaved</surface>
            </type>
        </extensions>
      </trkpt>
      <trkpt lat="45.62082" lon="6.7824">
        <ele>809</ele>
        <extensions>
          <type>
            <highway>path</highway>
            <surface>undefined</surface>
            </type>
        </extensions>
      </trkpt>
      <trkpt lat="45.61991" lon="6.78107">
        <ele>807.1</ele>
        <extensions>
          <type>
            <highway>path</highway>
            <surface>undefined</surface>
            </type>
        </extensions>
      </trkpt>
      <trkpt lat="45.61977" lon="6.78056">
        <ele>807.2</ele>
        <extensions>
          <type>
            <highway>path</highway>
            <surface>undefined</surface>
            </type>
        </extensions>
      </trkpt>
      <trkpt lat="45.61932" lon="6.77996">
        <ele>806.6</ele>
        <extensions>
          <type>
            <highway>path</highway>
            <surface>undefined</surface>
            </type>
        </extensions>
      </trkpt>
      <trkpt lat="45.61837" lon="6.77842">
        <ele>806</ele>
        <extensions>
          <type>
            <highway>path</highway>
            <surface>undefined</surface>
            </type>
        </extensions>
      </trkpt>
      <trkpt lat="45.61834" lon="6.77824">
        <ele>806</ele>
        <extensions>
          <type>
            <highway>cycleway</highway>
            <surface>asphalt</surface>
            </type>
        </extensions>
      </trkpt>
      <trkpt lat="45.61843" lon="6.77763">
        <ele>806</ele>
        <extensions>
          <type>
            <highway>cycleway</highway>
            <surface>asphalt</surface>
            </type>
        </extensions>
      </trkpt>
      <trkpt lat="45.61852" lon="6.77751">
        <ele>806</ele>
        <extensions>
          <type>
            <highway>track</highway>
            <surface>ground</surface>
            </type>
        </extensions>
      </trkpt>
      <trkpt lat="45.61936" lon="6.77793">
        <ele>805.7</ele>
        <extensions>
          <type>
            <highway>track</highway>
            <surface>ground</surface>
            </type>
        </extensions>
      </trkpt>
      <trkpt lat="45.62024" lon="6.77888">
        <ele>806</ele>
        <extensions>
          <type>
            <highway>track</highway>
            <surface>ground</surface>
            </type>
        </extensions>
      </trkpt>
      <trkpt lat="45.62121" lon="6.7795">
        <ele>806.7</ele>
        <extensions>
          <type>
            <highway>track</highway>
            <surface>ground</surface>
            </type>
        </extensions>
      </trkpt>
      <trkpt lat="45.62202" lon="6.78069">
        <ele>810.5</ele>
        <extensions>
          <type>
            <highway>footway</highway>
            <surface>undefined</surface>
            </type>
        </extensions>
      </trkpt>
      <trkpt lat="45.62229" lon="6.78039">
        <ele>810.1</ele>
        <extensions>
          <type>
            <highway>track</highway>
            <surface>undefined</surface>
            </type>
        </extensions>
      </trkpt>
      <trkpt lat="45.62151" lon="6.77902">
        <ele>807.9</ele>
        <extensions>
          <type>
            <highway>undefined</highway>
            <surface>undefined</surface>
            </type>
        </extensions>
      </trkpt>
      <trkpt lat="45.62077" lon="6.77799">
        <ele>806.7</ele>
        <extensions>
          <type>
            <highway>path</highway>
            <surface>undefined</surface>
            </type>
        </extensions>
      </trkpt>
      <trkpt lat="45.61985" lon="6.77728">
        <ele>806.2</ele>
        <extensions>
          <type>
            <highway>path</highway>
            <surface>undefined</surface>
            </type>
        </extensions>
      </trkpt>
      <trkpt lat="45.61948" lon="6.77721">
        <ele>806</ele>
        <extensions>
          <type>
            <highway>path</highway>
            <surface>undefined</surface>
            </type>
        </extensions>
      </trkpt>
      <trkpt lat="45.61904" lon="6.77704">
        <ele>805.4</ele>
        <extensions>
          <type>
            <highway>path</highway>
            <surface>undefined</surface>
            </type>
        </extensions>
      </trkpt>
      <trkpt lat="45.61886" lon="6.77688">
        <ele>805</ele>
        <extensions>
          <type>
            <highway>path</highway>
            <surface>undefined</surface>
            </type>
        </extensions>
      </trkpt>
      <trkpt lat="45.6188" lon="6.77671">
        <ele>805.3</ele>
        <extensions>
          <type>
            <highway>path</highway>
            <surface>undefined</surface>
            </type>
        </extensions>
      </trkpt>
      <trkpt lat="45.61865" lon="6.7766">
        <ele>805.9</ele>
        <extensions>
          <type>
            <highway>path</highway>
            <surface>undefined</surface>
            </type>
        </extensions>
      </trkpt>
      <trkpt lat="45.61855" lon="6.7764">
        <ele>805.6</ele>
        <extensions>
          <type>
            <highway>path</highway>
            <surface>undefined</surface>
            </type>
        </extensions>
      </trkpt>
      <trkpt lat="45.61877" lon="6.77563">
        <ele>805.7</ele>
        <extensions>
          <type>
            <highway>path</highway>
            <surface>undefined</surface>
            </type>
        </extensions>
      </trkpt>
      <trkpt lat="45.61895" lon="6.77523">
        <ele>806</ele>
        <extensions>
          <type>
            <highway>residential</highway>
            <surface>undefined</surface>
            </type>
        </extensions>
      </trkpt>
      <trkpt lat="45.61983" lon="6.77373">
        <ele>808</ele>
        <extensions>
          <type>
            <highway>residential</highway>
            <surface>undefined</surface>
            </type>
        </extensions>
      </trkpt>
      <trkpt lat="45.62" lon="6.77354">
        <ele>807.7</ele>
        <extensions>
          <type>
            <highway>residential</highway>
            <surface>undefined</surface>
            </type>
        </extensions>
      </trkpt>
      <trkpt lat="45.62049" lon="6.77271">
        <ele>808.5</ele>
        <extensions>
          <type>
            <highway>residential</highway>
            <surface>undefined</surface>
            </type>
        </extensions>
      </trkpt>
      <trkpt lat="45.62062" lon="6.77207">
        <ele>811.2</ele>
        <extensions>
          <type>
            <highway>primary</highway>
            <surface>asphalt</surface>
            </type>
        </extensions>
      </trkpt>
      <trkpt lat="45.62047" lon="6.7716">
        <ele>812.2</ele>
        <extensions>
          <type>
            <highway>primary</highway>
            <surface>asphalt</surface>
            </type>
        </extensions>
      </trkpt>
      <trkpt lat="45.62058" lon="6.77131">
        <ele>813.2</ele>
        <extensions>
          <type>
            <highway>footway</highway>
            <surface>undefined</surface>
            </type>
        </extensions>
      </trkpt>
      <trkpt lat="45.62051" lon="6.77089">
        <ele>814.7</ele>
        <extensions>
          <type>
            <highway>footway</highway>
            <surface>undefined</surface>
            </type>
        </extensions>
      </trkpt>
      <trkpt lat="45.62041" lon="6.77083">
        <ele>814.5</ele>
        <extensions>
          <type>
            <highway>footway</highway>
            <surface>undefined</surface>
            </type>
        </extensions>
      </trkpt>
      <trkpt lat="45.62004" lon="6.77079">
        <ele>814.7</ele>
        <extensions>
          <type>
            <highway>residential</highway>
            <surface>sett</surface>
            </type>
        </extensions>
      </trkpt>
      <trkpt lat="45.6185" lon="6.76925">
        <ele>820.3</ele>
        <extensions>
          <type>
            <highway>residential</highway>
            <surface>paving_stones</surface>
            </type>
        </extensions>
      </trkpt>
      <trkpt lat="45.61809" lon="6.76865">
        <ele>822.1</ele>
        <extensions>
          <type>
            <highway>residential</highway>
            <surface>paving_stones</surface>
            </type>
        </extensions>
      </trkpt>
      <trkpt lat="45.61765" lon="6.76784">
        <ele>826.7</ele>
        <extensions>
          <type>
            <highway>residential</highway>
            <surface>paving_stones</surface>
            </type>
        </extensions>
      </trkpt>
      <trkpt lat="45.61707" lon="6.76719">
        <ele>830.8</ele>
        <extensions>
          <type>
            <highway>residential</highway>
            <surface>undefined</surface>
            </type>
        </extensions>
      </trkpt>
      <trkpt lat="45.617" lon="6.76719">
        <ele>831</ele>
        <extensions>
          <type>
            <highway>residential</highway>
            <surface>undefined</surface>
            </type>
        </extensions>
      </trkpt>
      <trkpt lat="45.61668" lon="6.76785">
        <ele>831.9</ele>
        <extensions>
          <type>
            <highway>residential</highway>
            <surface>undefined</surface>
            </type>
        </extensions>
      </trkpt>
      <trkpt lat="45.61622" lon="6.76844">
        <ele>830.8</ele>
        <extensions>
          <type>
            <highway>residential</highway>
            <surface>undefined</surface>
            </type>
        </extensions>
      </trkpt>
      <trkpt lat="45.61497" lon="6.76972">
        <ele>825</ele>
        <extensions>
          <type>
            <highway>tertiary</highway>
            <surface>asphalt</surface>
            </type>
        </extensions>
      </trkpt>
      <trkpt lat="45.61401" lon="6.77145">
        <ele>818.2</ele>
        <extensions>
          <type>
            <highway>tertiary</highway>
            <surface>asphalt</surface>
            </type>
        </extensions>
      </trkpt>
      <trkpt lat="45.61364" lon="6.77164">
        <ele>817.1</ele>
        <extensions>
          <type>
            <highway>tertiary</highway>
            <surface>asphalt</surface>
            </type>
        </extensions>
      </trkpt>
      <trkpt lat="45.61289" lon="6.7716">
        <ele>812.1</ele>
        <extensions>
          <type>
            <highway>tertiary</highway>
            <surface>asphalt</surface>
            </type>
        </extensions>
      </trkpt>
      <trkpt lat="45.61271" lon="6.77168">
        <ele>811.1</ele>
        <extensions>
          <type>
            <highway>tertiary</highway>
            <surface>asphalt</surface>
            </type>
        </extensions>
      </trkpt>
      <trkpt lat="45.61238" lon="6.77251">
        <ele>810.4</ele>
        <extensions>
          <type>
            <highway>tertiary</highway>
            <surface>asphalt</surface>
            </type>
        </extensions>
      </trkpt>
      <trkpt lat="45.61232" lon="6.77292">
        <ele>808.6</ele>
        <extensions>
          <type>
            <highway>tertiary</highway>
            <surface>asphalt</surface>
            </type>
        </extensions>
      </trkpt>
      <trkpt lat="45.61224" lon="6.77307">
        <ele>807.9</ele>
        <extensions>
          <type>
            <highway>unclassified</highway>
            <surface>asphalt</surface>
            </type>
        </extensions>
      </trkpt>
      <trkpt lat="45.61213" lon="6.77312">
        <ele>807.8</ele>
        <extensions>
          <type>
            <highway>unclassified</highway>
            <surface>asphalt</surface>
            </type>
        </extensions>
      </trkpt>
      <trkpt lat="45.61176" lon="6.77315">
        <ele>807.2</ele>
        <extensions>
          <type>
            <highway>unclassified</highway>
            <surface>asphalt</surface>
            </type>
        </extensions>
      </trkpt>
      <trkpt lat="45.61109" lon="6.77245">
        <ele>807.9</ele>
        <extensions>
          <type>
            <highway>unclassified</highway>
            <surface>asphalt</surface>
            </type>
        </extensions>
      </trkpt>
      <trkpt lat="45.61036" lon="6.77198">
        <ele>808.1</ele>
        <extensions>
          <type>
            <highway>unclassified</highway>
            <surface>asphalt</surface>
            </type>
        </extensions>
      </trkpt>
      <trkpt lat="45.60963" lon="6.77166">
        <ele>808</ele>
        <extensions>
          <type>
            <highway>unclassified</highway>
            <surface>asphalt</surface>
            </type>
        </extensions>
      </trkpt>
      <trkpt lat="45.60873" lon="6.77134">
        <ele>804.8</ele>
        <extensions>
          <type>
            <highway>unclassified</highway>
            <surface>asphalt</surface>
            </type>
        </extensions>
      </trkpt>
      <trkpt lat="45.60797" lon="6.77113">
        <ele>803.3</ele>
        <extensions>
          <type>
            <highway>unclassified</highway>
            <surface>asphalt</surface>
            </type>
        </extensions>
      </trkpt>
      <trkpt lat="45.60742" lon="6.77077">
        <ele>802.7</ele>
        <extensions>
          <type>
            <highway>unclassified</highway>
            <surface>asphalt</surface>
            </type>
        </extensions>
      </trkpt>
      <trkpt lat="45.60654" lon="6.7704">
        <ele>800.6</ele>
        <extensions>
          <type>
            <highway>unclassified</highway>
            <surface>asphalt</surface>
            </type>
        </extensions>
      </trkpt>
      <trkpt lat="45.60621" lon="6.77019">
        <ele>798.7</ele>
        <extensions>
          <type>
            <highway>unclassified</highway>
            <surface>undefined</surface>
            </type>
        </extensions>
      </trkpt>
      <trkpt lat="45.60606" lon="6.7699">
        <ele>798</ele>
        <extensions>
          <type>
            <highway>unclassified</highway>
            <surface>undefined</surface>
            </type>
        </extensions>
      </trkpt>
      <trkpt lat="45.60604" lon="6.76943">
        <ele>798.5</ele>
        <extensions>
          <type>
            <highway>unclassified</highway>
            <surface>undefined</surface>
            </type>
        </extensions>
      </trkpt>
      <trkpt lat="45.6061" lon="6.76906">
        <ele>800.3</ele>
        <extensions>
          <type>
            <highway>unclassified</highway>
            <surface>undefined</surface>
            </type>
        </extensions>
      </trkpt>
      <trkpt lat="45.60564" lon="6.76825">
        <ele>801.1</ele>
        <extensions>
          <type>
            <highway>unclassified</highway>
            <surface>undefined</surface>
            </type>
        </extensions>
      </trkpt>
      <trkpt lat="45.60509" lon="6.76776">
        <ele>799.8</ele>
        <extensions>
          <type>
            <highway>unclassified</highway>
            <surface>undefined</surface>
            </type>
        </extensions>
      </trkpt>
      <trkpt lat="45.60457" lon="6.76752">
        <ele>797.7</ele>
        <extensions>
          <type>
            <highway>unclassified</highway>
            <surface>undefined</surface>
            </type>
        </extensions>
      </trkpt>
      <trkpt lat="45.60416" lon="6.76745">
        <ele>794.3</ele>
        <extensions>
          <type>
            <highway>unclassified</highway>
            <surface>undefined</surface>
            </type>
        </extensions>
      </trkpt>
      <trkpt lat="45.60404" lon="6.76708">
        <ele>793.9</ele>
        <extensions>
          <type>
            <highway>unclassified</highway>
            <surface>undefined</surface>
            </type>
        </extensions>
      </trkpt>
      <trkpt lat="45.6035" lon="6.76623">
        <ele>790</ele>
        <extensions>
          <type>
            <highway>unclassified</highway>
            <surface>undefined</surface>
            </type>
        </extensions>
      </trkpt>
      <trkpt lat="45.60328" lon="6.76579">
        <ele>787.6</ele>
        <extensions>
          <type>
            <highway>unclassified</highway>
            <surface>undefined</surface>
            </type>
        </extensions>
      </trkpt>
      <trkpt lat="45.60317" lon="6.76583">
        <ele>786.8</ele>
        <extensions>
          <type>
            <highway>cycleway</highway>
            <surface>undefined</surface>
            </type>
        </extensions>
      </trkpt>
      <trkpt lat="45.60256" lon="6.76689">
        <ele>784.8</ele>
        <extensions>
          <type>
            <highway>tertiary</highway>
            <surface>undefined</surface>
            </type>
        </extensions>
      </trkpt>
      <trkpt lat="45.60228" lon="6.76683">
        <ele>786</ele>
        <extensions>
          <type>
            <highway>tertiary</highway>
            <surface>undefined</surface>
            </type>
        </extensions>
      </trkpt>
      <trkpt lat="45.60187" lon="6.76658">
        <ele>786</ele>
        <extensions>
          <type>
            <highway>tertiary</highway>
            <surface>undefined</surface>
            </type>
        </extensions>
      </trkpt>
      <trkpt lat="45.60157" lon="6.76634">
        <ele>787</ele>
        <extensions>
          <type>
            <highway>service</highway>
            <surface>undefined</surface>
            </type>
        </extensions>
      </trkpt>
      <trkpt lat="45.60153" lon="6.76584">
        <ele>782.5</ele>
        <extensions>
          <type>
            <highway>path</highway>
            <surface>undefined</surface>
            </type>
        </extensions>
      </trkpt>
      <trkpt lat="45.60039" lon="6.76389">
        <ele>777</ele>
        <extensions>
          <type>
            <highway>path</highway>
            <surface>undefined</surface>
            </type>
        </extensions>
      </trkpt>
      <trkpt lat="45.59957" lon="6.76298">
        <ele>782.7</ele>
        <extensions>
          <type>
            <highway>path</highway>
            <surface>undefined</surface>
            </type>
        </extensions>
      </trkpt>
      <trkpt lat="45.59931" lon="6.76291">
        <ele>786.8</ele>
        <extensions>
          <type>
            <highway>path</highway>
            <surface>undefined</surface>
            </type>
        </extensions>
      </trkpt>
      <trkpt lat="45.59905" lon="6.76302">
        <ele>790.2</ele>
        <extensions>
          <type>
            <highway>path</highway>
            <surface>undefined</surface>
            </type>
        </extensions>
      </trkpt>
      <trkpt lat="45.59884" lon="6.76264">
        <ele>793.7</ele>
        <extensions>
          <type>
            <highway>tertiary</highway>
            <surface>undefined</surface>
            </type>
        </extensions>
      </trkpt>
      <trkpt lat="45.59865" lon="6.76253">
        <ele>793.4</ele>
        <extensions>
          <type>
            <highway>tertiary</highway>
            <surface>undefined</surface>
            </type>
        </extensions>
      </trkpt>
      <trkpt lat="45.59833" lon="6.76207">
        <ele>795.5</ele>
        <extensions>
          <type>
            <highway>tertiary</highway>
            <surface>undefined</surface>
            </type>
        </extensions>
      </trkpt>
      <trkpt lat="45.59842" lon="6.76192">
        <ele>794.6</ele>
        <extensions>
          <type>
            <highway>track</highway>
            <surface>undefined</surface>
            </type>
        </extensions>
      </trkpt>
      <trkpt lat="45.59866" lon="6.76188">
        <ele>793</ele>
        <extensions>
          <type>
            <highway>track</highway>
            <surface>undefined</surface>
            </type>
        </extensions>
      </trkpt>
      <trkpt lat="45.59874" lon="6.76168">
        <ele>792.1</ele>
        <extensions>
          <type>
            <highway>track</highway>
            <surface>undefined</surface>
            </type>
        </extensions>
      </trkpt>
      <trkpt lat="45.59851" lon="6.76116">
        <ele>788.5</ele>
        <extensions>
          <type>
            <highway>track</highway>
            <surface>undefined</surface>
            </type>
        </extensions>
      </trkpt>
      <trkpt lat="45.59846" lon="6.76091">
        <ele>786.4</ele>
        <extensions>
          <type>
            <highway>track</highway>
            <surface>undefined</surface>
            </type>
        </extensions>
      </trkpt>
      <trkpt lat="45.5985" lon="6.75986">
        <ele>777.2</ele>
        <extensions>
          <type>
            <highway>track</highway>
            <surface>undefined</surface>
            </type>
        </extensions>
      </trkpt>
      <trkpt lat="45.59843" lon="6.75928">
        <ele>773</ele>
        <extensions>
          <type>
            <highway>track</highway>
            <surface>undefined</surface>
            </type>
        </extensions>
      </trkpt>
      <trkpt lat="45.59832" lon="6.75892">
        <ele>771.1</ele>
        <extensions>
          <type>
            <highway>track</highway>
            <surface>undefined</surface>
            </type>
        </extensions>
      </trkpt>
      <trkpt lat="45.59817" lon="6.75873">
        <ele>769.9</ele>
        <extensions>
          <type>
            <highway>track</highway>
            <surface>undefined</surface>
            </type>
        </extensions>
      </trkpt>
      <trkpt lat="45.59805" lon="6.75868">
        <ele>769.5</ele>
        <extensions>
          <type>
            <highway>track</highway>
            <surface>undefined</surface>
            </type>
        </extensions>
      </trkpt>
      <trkpt lat="45.59741" lon="6.75786">
        <ele>766.5</ele>
        <extensions>
          <type>
            <highway>track</highway>
            <surface>undefined</surface>
            </type>
        </extensions>
      </trkpt>
      <trkpt lat="45.59714" lon="6.75762">
        <ele>765.6</ele>
        <extensions>
          <type>
            <highway>track</highway>
            <surface>undefined</surface>
            </type>
        </extensions>
      </trkpt>
      <trkpt lat="45.59629" lon="6.75732">
        <ele>771</ele>
        <extensions>
          <type>
            <highway>track</highway>
            <surface>undefined</surface>
            </type>
        </extensions>
      </trkpt>
      <trkpt lat="45.59578" lon="6.75656">
        <ele>770.2</ele>
        <extensions>
          <type>
            <highway>track</highway>
            <surface>undefined</surface>
            </type>
        </extensions>
      </trkpt>
      <trkpt lat="45.59522" lon="6.75605">
        <ele>773.3</ele>
        <extensions>
          <type>
            <highway>track</highway>
            <surface>undefined</surface>
            </type>
        </extensions>
      </trkpt>
      <trkpt lat="45.59515" lon="6.75592">
        <ele>773.1</ele>
        <extensions>
          <type>
            <highway>track</highway>
            <surface>undefined</surface>
            </type>
        </extensions>
      </trkpt>
      <trkpt lat="45.59499" lon="6.75591">
        <ele>773.9</ele>
        <extensions>
          <type>
            <highway>track</highway>
            <surface>undefined</surface>
            </type>
        </extensions>
      </trkpt>
      <trkpt lat="45.59489" lon="6.75583">
        <ele>773.4</ele>
        <extensions>
          <type>
            <highway>track</highway>
            <surface>undefined</surface>
            </type>
        </extensions>
      </trkpt>
      <trkpt lat="45.59396" lon="6.75547">
        <ele>766.8</ele>
        <extensions>
          <type>
            <highway>track</highway>
            <surface>undefined</surface>
            </type>
        </extensions>
      </trkpt>
      <trkpt lat="45.59324" lon="6.7555">
        <ele>766.7</ele>
        <extensions>
          <type>
            <highway>track</highway>
            <surface>undefined</surface>
            </type>
        </extensions>
      </trkpt>
      <trkpt lat="45.59288" lon="6.75539">
        <ele>767.6</ele>
        <extensions>
          <type>
            <highway>track</highway>
            <surface>undefined</surface>
            </type>
        </extensions>
      </trkpt>
      <trkpt lat="45.59255" lon="6.75509">
        <ele>764.8</ele>
        <extensions>
          <type>
            <highway>track</highway>
            <surface>undefined</surface>
            </type>
        </extensions>
      </trkpt>
      <trkpt lat="45.59239" lon="6.75506">
        <ele>765.8</ele>
        <extensions>
          <type>
            <highway>track</highway>
            <surface>undefined</surface>
            </type>
        </extensions>
      </trkpt>
      <trkpt lat="45.59215" lon="6.75489">
        <ele>764.6</ele>
        <extensions>
          <type>
            <highway>track</highway>
            <surface>undefined</surface>
            </type>
        </extensions>
      </trkpt>
      <trkpt lat="45.59187" lon="6.7545">
        <ele>758.7</ele>
        <extensions>
          <type>
            <highway>track</highway>
            <surface>undefined</surface>
            </type>
        </extensions>
      </trkpt>
      <trkpt lat="45.59158" lon="6.75426">
        <ele>759.1</ele>
        <extensions>
          <type>
            <highway>track</highway>
            <surface>undefined</surface>
            </type>
        </extensions>
      </trkpt>
      <trkpt lat="45.59135" lon="6.75377">
        <ele>756.8</ele>
        <extensions>
          <type>
            <highway>track</highway>
            <surface>undefined</surface>
            </type>
        </extensions>
      </trkpt>
      <trkpt lat="45.59135" lon="6.7536">
        <ele>756</ele>
        <extensions>
          <type>
            <highway>track</highway>
            <surface>undefined</surface>
            </type>
        </extensions>
      </trkpt>
      <trkpt lat="45.59175" lon="6.75252">
        <ele>755.3</ele>
        <extensions>
          <type>
            <highway>track</highway>
            <surface>undefined</surface>
            </type>
        </extensions>
      </trkpt>
      <trkpt lat="45.59172" lon="6.75236">
        <ele>755.1</ele>
        <extensions>
          <type>
            <highway>track</highway>
            <surface>undefined</surface>
            </type>
        </extensions>
      </trkpt>
      <trkpt lat="45.59079" lon="6.75174">
        <ele>753.9</ele>
        <extensions>
          <type>
            <highway>track</highway>
            <surface>undefined</surface>
            </type>
        </extensions>
      </trkpt>
      <trkpt lat="45.59034" lon="6.75132">
        <ele>752.8</ele>
        <extensions>
          <type>
            <highway>track</highway>
            <surface>undefined</surface>
            </type>
        </extensions>
      </trkpt>
      <trkpt lat="45.59021" lon="6.75105">
        <ele>752</ele>
        <extensions>
          <type>
            <highway>track</highway>
            <surface>undefined</surface>
            </type>
        </extensions>
      </trkpt>
      <trkpt lat="45.58976" lon="6.75047">
        <ele>751.7</ele>
        <extensions>
          <type>
            <highway>path</highway>
            <surface>undefined</surface>
            </type>
        </extensions>
      </trkpt>
      <trkpt lat="45.58989" lon="6.74993">
        <ele>751.5</ele>
        <extensions>
          <type>
            <highway>service</highway>
            <surface>undefined</surface>
            </type>
        </extensions>
      </trkpt>
      <trkpt lat="45.58974" lon="6.74972">
        <ele>751.1</ele>
        <extensions>
          <type>
            <highway>service</highway>
            <surface>undefined</surface>
            </type>
        </extensions>
      </trkpt>
      <trkpt lat="45.58917" lon="6.74931">
        <ele>750.5</ele>
        <extensions>
          <type>
            <highway>path</highway>
            <surface>undefined</surface>
            </type>
        </extensions>
      </trkpt>
      <trkpt lat="45.58912" lon="6.74932">
        <ele>750.5</ele>
        <extensions>
          <type>
            <highway>path</highway>
            <surface>undefined</surface>
            </type>
        </extensions>
      </trkpt>
      <trkpt lat="45.58906" lon="6.74953">
        <ele>750.6</ele>
        <extensions>
          <type>
            <highway>path</highway>
            <surface>undefined</surface>
            </type>
        </extensions>
      </trkpt>
      <trkpt lat="45.58908" lon="6.74966">
        <ele>750.8</ele>
        <extensions>
          <type>
            <highway>path</highway>
            <surface>undefined</surface>
            </type>
        </extensions>
      </trkpt>
      <trkpt lat="45.58919" lon="6.74989">
        <ele>750.9</ele>
        <extensions>
          <type>
            <highway>path</highway>
            <surface>undefined</surface>
            </type>
        </extensions>
      </trkpt>
      <trkpt lat="45.58967" lon="6.7505">
        <ele>751.8</ele>
        <extensions>
          <type>
            <highway>path</highway>
            <surface>undefined</surface>
            </type>
        </extensions>
      </trkpt>
      <trkpt lat="45.58961" lon="6.75064">
        <ele>752</ele>
        <extensions>
          <type>
            <highway>track</highway>
            <surface>undefined</surface>
            </type>
        </extensions>
      </trkpt>
      <trkpt lat="45.58927" lon="6.75079">
        <ele>752</ele>
        <extensions>
          <type>
            <highway>track</highway>
            <surface>undefined</surface>
            </type>
        </extensions>
      </trkpt>
      <trkpt lat="45.58909" lon="6.75072">
        <ele>751.9</ele>
        <extensions>
          <type>
            <highway>track</highway>
            <surface>undefined</surface>
            </type>
        </extensions>
      </trkpt>
      <trkpt lat="45.58885" lon="6.75048">
        <ele>751</ele>
        <extensions>
          <type>
            <highway>track</highway>
            <surface>undefined</surface>
            </type>
        </extensions>
      </trkpt>
      <trkpt lat="45.58816" lon="6.75025">
        <ele>751</ele>
        <extensions>
          <type>
            <highway>track</highway>
            <surface>undefined</surface>
            </type>
        </extensions>
      </trkpt>
      <trkpt lat="45.58768" lon="6.74964">
        <ele>750.5</ele>
        <extensions>
          <type>
            <highway>track</highway>
            <surface>undefined</surface>
            </type>
        </extensions>
      </trkpt>
      <trkpt lat="45.58753" lon="6.74959">
        <ele>750.1</ele>
        <extensions>
          <type>
            <highway>track</highway>
            <surface>undefined</surface>
            </type>
        </extensions>
      </trkpt>
      <trkpt lat="45.58737" lon="6.74961">
        <ele>749.8</ele>
        <extensions>
          <type>
            <highway>track</highway>
            <surface>undefined</surface>
            </type>
        </extensions>
      </trkpt>
      <trkpt lat="45.5872" lon="6.74977">
        <ele>750</ele>
        <extensions>
          <type>
            <highway>track</highway>
            <surface>undefined</surface>
            </type>
        </extensions>
      </trkpt>
      <trkpt lat="45.58684" lon="6.75074">
        <ele>750.4</ele>
        <extensions>
          <type>
            <highway>track</highway>
            <surface>undefined</surface>
            </type>
        </extensions>
      </trkpt>
      <trkpt lat="45.58668" lon="6.75103">
        <ele>750.7</ele>
        <extensions>
          <type>
            <highway>track</highway>
            <surface>undefined</surface>
            </type>
        </extensions>
      </trkpt>
      <trkpt lat="45.58649" lon="6.75114">
        <ele>750.4</ele>
        <extensions>
          <type>
            <highway>track</highway>
            <surface>undefined</surface>
            </type>
        </extensions>
      </trkpt>
      <trkpt lat="45.58591" lon="6.75072">
        <ele>750.7</ele>
        <extensions>
          <type>
            <highway>track</highway>
            <surface>undefined</surface>
            </type>
        </extensions>
      </trkpt>
      <trkpt lat="45.58571" lon="6.75042">
        <ele>751.2</ele>
        <extensions>
          <type>
            <highway>track</highway>
            <surface>undefined</surface>
            </type>
        </extensions>
      </trkpt>
      <trkpt lat="45.58526" lon="6.75013">
        <ele>752.2</ele>
        <extensions>
          <type>
            <highway>track</highway>
            <surface>undefined</surface>
            </type>
        </extensions>
      </trkpt>
      <trkpt lat="45.58516" lon="6.75017">
        <ele>754</ele>
        <extensions>
          <type>
            <highway>track</highway>
            <surface>undefined</surface>
            </type>
        </extensions>
      </trkpt>
      <trkpt lat="45.58505" lon="6.75009">
        <ele>754.6</ele>
        <extensions>
          <type>
            <highway>track</highway>
            <surface>undefined</surface>
            </type>
        </extensions>
      </trkpt>
      <trkpt lat="45.58448" lon="6.74931">
        <ele>756.6</ele>
        <extensions>
          <type>
            <highway>track</highway>
            <surface>undefined</surface>
            </type>
        </extensions>
      </trkpt>
      <trkpt lat="45.58424" lon="6.74908">
        <ele>757</ele>
        <extensions>
          <type>
            <highway>track</highway>
            <surface>undefined</surface>
            </type>
        </extensions>
      </trkpt>
      <trkpt lat="45.58394" lon="6.74887">
        <ele>756.4</ele>
        <extensions>
          <type>
            <highway>track</highway>
            <surface>undefined</surface>
            </type>
        </extensions>
      </trkpt>
      <trkpt lat="45.58236" lon="6.74799">
        <ele>752.3</ele>
        <extensions>
          <type>
            <highway>track</highway>
            <surface>undefined</surface>
            </type>
        </extensions>
      </trkpt>
      <trkpt lat="45.58208" lon="6.74777">
        <ele>750.4</ele>
        <extensions>
          <type>
            <highway>track</highway>
            <surface>undefined</surface>
            </type>
        </extensions>
      </trkpt>
      <trkpt lat="45.58155" lon="6.74723">
        <ele>749.9</ele>
        <extensions>
          <type>
            <highway>track</highway>
            <surface>undefined</surface>
            </type>
        </extensions>
      </trkpt>
      <trkpt lat="45.5815" lon="6.74708">
        <ele>748.7</ele>
        <extensions>
          <type>
            <highway>track</highway>
            <surface>undefined</surface>
            </type>
        </extensions>
      </trkpt>
      <trkpt lat="45.58151" lon="6.7468">
        <ele>745.5</ele>
        <extensions>
          <type>
            <highway>track</highway>
            <surface>undefined</surface>
            </type>
        </extensions>
      </trkpt>
      <trkpt lat="45.58184" lon="6.74608">
        <ele>744.6</ele>
        <extensions>
          <type>
            <highway>cycleway</highway>
            <surface>asphalt</surface>
            </type>
        </extensions>
      </trkpt>
      <trkpt lat="45.58187" lon="6.74551">
        <ele>743.9</ele>
        <extensions>
          <type>
            <highway>cycleway</highway>
            <surface>asphalt</surface>
            </type>
        </extensions>
      </trkpt>
      <trkpt lat="45.58198" lon="6.74555">
        <ele>744</ele>
        <extensions>
          <type>
            <highway>cycleway</highway>
            <surface>asphalt</surface>
            </type>
        </extensions>
      </trkpt>
      <trkpt lat="45.58229" lon="6.7465">
        <ele>744.7</ele>
        <extensions>
          <type>
            <highway>cycleway</highway>
            <surface>asphalt</surface>
            </type>
        </extensions>
      </trkpt>
      <trkpt lat="45.58239" lon="6.74667">
        <ele>745</ele>
        <extensions>
          <type>
            <highway>cycleway</highway>
            <surface>asphalt</surface>
            </type>
        </extensions>
      </trkpt>
      <trkpt lat="45.58307" lon="6.74736">
        <ele>745</ele>
        <extensions>
          <type>
            <highway>cycleway</highway>
            <surface>asphalt</surface>
            </type>
        </extensions>
      </trkpt>
      <trkpt lat="45.58377" lon="6.74779">
        <ele>746.1</ele>
        <extensions>
          <type>
            <highway>cycleway</highway>
            <surface>asphalt</surface>
            </type>
        </extensions>
      </trkpt>
      <trkpt lat="45.58494" lon="6.74803">
        <ele>746.8</ele>
        <extensions>
          <type>
            <highway>cycleway</highway>
            <surface>asphalt</surface>
            </type>
        </extensions>
      </trkpt>
      <trkpt lat="45.58524" lon="6.7484">
        <ele>747.3</ele>
        <extensions>
          <type>
            <highway>cycleway</highway>
            <surface>asphalt</surface>
            </type>
        </extensions>
      </trkpt>
      <trkpt lat="45.5857" lon="6.74857">
        <ele>747.9</ele>
        <extensions>
          <type>
            <highway>cycleway</highway>
            <surface>asphalt</surface>
            </type>
        </extensions>
      </trkpt>
      <trkpt lat="45.58602" lon="6.74889">
        <ele>748</ele>
        <extensions>
          <type>
            <highway>cycleway</highway>
            <surface>asphalt</surface>
            </type>
        </extensions>
      </trkpt>
      <trkpt lat="45.5863" lon="6.74897">
        <ele>748.3</ele>
        <extensions>
          <type>
            <highway>cycleway</highway>
            <surface>asphalt</surface>
            </type>
        </extensions>
      </trkpt>
      <trkpt lat="45.58738" lon="6.749">
        <ele>749</ele>
        <extensions>
          <type>
            <highway>cycleway</highway>
            <surface>asphalt</surface>
            </type>
        </extensions>
      </trkpt>
      <trkpt lat="45.58768" lon="6.74912">
        <ele>749</ele>
        <extensions>
          <type>
            <highway>cycleway</highway>
            <surface>asphalt</surface>
            </type>
        </extensions>
      </trkpt>
      <trkpt lat="45.58846" lon="6.74908">
        <ele>749.8</ele>
        <extensions>
          <type>
            <highway>cycleway</highway>
            <surface>asphalt</surface>
            </type>
        </extensions>
      </trkpt>
      <trkpt lat="45.5887" lon="6.74912">
        <ele>750.8</ele>
        <extensions>
          <type>
            <highway>cycleway</highway>
            <surface>asphalt</surface>
            </type>
        </extensions>
      </trkpt>
      <trkpt lat="45.58892" lon="6.74905">
        <ele>750.6</ele>
        <extensions>
          <type>
            <highway>cycleway</highway>
            <surface>asphalt</surface>
            </type>
        </extensions>
      </trkpt>
      <trkpt lat="45.58918" lon="6.74913">
        <ele>750.9</ele>
        <extensions>
          <type>
            <highway>cycleway</highway>
            <surface>asphalt</surface>
            </type>
        </extensions>
      </trkpt>
      <trkpt lat="45.58937" lon="6.74913">
        <ele>751.4</ele>
        <extensions>
          <type>
            <highway>cycleway</highway>
            <surface>asphalt</surface>
            </type>
        </extensions>
      </trkpt>
      <trkpt lat="45.58995" lon="6.74949">
        <ele>752.9</ele>
        <extensions>
          <type>
            <highway>cycleway</highway>
            <surface>asphalt</surface>
            </type>
        </extensions>
      </trkpt>
      <trkpt lat="45.59041" lon="6.74963">
        <ele>751.8</ele>
        <extensions>
          <type>
            <highway>cycleway</highway>
            <surface>asphalt</surface>
            </type>
        </extensions>
      </trkpt>
      <trkpt lat="45.59064" lon="6.74996">
        <ele>753</ele>
        <extensions>
          <type>
            <highway>cycleway</highway>
            <surface>asphalt</surface>
            </type>
        </extensions>
      </trkpt>
      <trkpt lat="45.59168" lon="6.75013">
        <ele>753.6</ele>
        <extensions>
          <type>
            <highway>cycleway</highway>
            <surface>asphalt</surface>
            </type>
        </extensions>
      </trkpt>
      <trkpt lat="45.59237" lon="6.75091">
        <ele>755</ele>
        <extensions>
          <type>
            <highway>cycleway</highway>
            <surface>asphalt</surface>
            </type>
        </extensions>
      </trkpt>
      <trkpt lat="45.59274" lon="6.75147">
        <ele>756.3</ele>
        <extensions>
          <type>
            <highway>cycleway</highway>
            <surface>asphalt</surface>
            </type>
        </extensions>
      </trkpt>
      <trkpt lat="45.59318" lon="6.7516">
        <ele>756.5</ele>
        <extensions>
          <type>
            <highway>cycleway</highway>
            <surface>asphalt</surface>
            </type>
        </extensions>
      </trkpt>
      <trkpt lat="45.59373" lon="6.7519">
        <ele>757</ele>
        <extensions>
          <type>
            <highway>cycleway</highway>
            <surface>asphalt</surface>
            </type>
        </extensions>
      </trkpt>
      <trkpt lat="45.59397" lon="6.75194">
        <ele>757.7</ele>
        <extensions>
          <type>
            <highway>cycleway</highway>
            <surface>asphalt</surface>
            </type>
        </extensions>
      </trkpt>
      <trkpt lat="45.59411" lon="6.75206">
        <ele>757.5</ele>
        <extensions>
          <type>
            <highway>cycleway</highway>
            <surface>asphalt</surface>
            </type>
        </extensions>
      </trkpt>
      <trkpt lat="45.59447" lon="6.75267">
        <ele>758.6</ele>
        <extensions>
          <type>
            <highway>cycleway</highway>
            <surface>asphalt</surface>
            </type>
        </extensions>
      </trkpt>
      <trkpt lat="45.59491" lon="6.75313">
        <ele>758.9</ele>
        <extensions>
          <type>
            <highway>cycleway</highway>
            <surface>asphalt</surface>
            </type>
        </extensions>
      </trkpt>
      <trkpt lat="45.59529" lon="6.75364">
        <ele>759.1</ele>
        <extensions>
          <type>
            <highway>cycleway</highway>
            <surface>asphalt</surface>
            </type>
        </extensions>
      </trkpt>
      <trkpt lat="45.59566" lon="6.75394">
        <ele>759.7</ele>
        <extensions>
          <type>
            <highway>cycleway</highway>
            <surface>asphalt</surface>
            </type>
        </extensions>
      </trkpt>
      <trkpt lat="45.5958" lon="6.75416">
        <ele>760</ele>
        <extensions>
          <type>
            <highway>cycleway</highway>
            <surface>asphalt</surface>
            </type>
        </extensions>
      </trkpt>
      <trkpt lat="45.59612" lon="6.75429">
        <ele>760</ele>
        <extensions>
          <type>
            <highway>cycleway</highway>
            <surface>asphalt</surface>
            </type>
        </extensions>
      </trkpt>
      <trkpt lat="45.59693" lon="6.75485">
        <ele>761</ele>
        <extensions>
          <type>
            <highway>cycleway</highway>
            <surface>asphalt</surface>
            </type>
        </extensions>
      </trkpt>
      <trkpt lat="45.59726" lon="6.75494">
        <ele>761</ele>
        <extensions>
          <type>
            <highway>cycleway</highway>
            <surface>asphalt</surface>
            </type>
        </extensions>
      </trkpt>
      <trkpt lat="45.59758" lon="6.75541">
        <ele>761.6</ele>
        <extensions>
          <type>
            <highway>cycleway</highway>
            <surface>asphalt</surface>
            </type>
        </extensions>
      </trkpt>
      <trkpt lat="45.59798" lon="6.75635">
        <ele>763</ele>
        <extensions>
          <type>
            <highway>cycleway</highway>
            <surface>asphalt</surface>
            </type>
        </extensions>
      </trkpt>
      <trkpt lat="45.59804" lon="6.7572">
        <ele>764.9</ele>
        <extensions>
          <type>
            <highway>cycleway</highway>
            <surface>asphalt</surface>
            </type>
        </extensions>
      </trkpt>
      <trkpt lat="45.59827" lon="6.75752">
        <ele>765.8</ele>
        <extensions>
          <type>
            <highway>cycleway</highway>
            <surface>asphalt</surface>
            </type>
        </extensions>
      </trkpt>
      <trkpt lat="45.59838" lon="6.75795">
        <ele>766.6</ele>
        <extensions>
          <type>
            <highway>cycleway</highway>
            <surface>asphalt</surface>
            </type>
        </extensions>
      </trkpt>
      <trkpt lat="45.59858" lon="6.75813">
        <ele>767.3</ele>
        <extensions>
          <type>
            <highway>cycleway</highway>
            <surface>asphalt</surface>
            </type>
        </extensions>
      </trkpt>
      <trkpt lat="45.59882" lon="6.75852">
        <ele>769.3</ele>
        <extensions>
          <type>
            <highway>cycleway</highway>
            <surface>asphalt</surface>
            </type>
        </extensions>
      </trkpt>
      <trkpt lat="45.59891" lon="6.75882">
        <ele>770.7</ele>
        <extensions>
          <type>
            <highway>cycleway</highway>
            <surface>asphalt</surface>
            </type>
        </extensions>
      </trkpt>
      <trkpt lat="45.59898" lon="6.75889">
        <ele>770.7</ele>
        <extensions>
          <type>
            <highway>cycleway</highway>
            <surface>asphalt</surface>
            </type>
        </extensions>
      </trkpt>
      <trkpt lat="45.59929" lon="6.75885">
        <ele>768.8</ele>
        <extensions>
          <type>
            <highway>cycleway</highway>
            <surface>asphalt</surface>
            </type>
        </extensions>
      </trkpt>
      <trkpt lat="45.5994" lon="6.75894">
        <ele>768.7</ele>
        <extensions>
          <type>
            <highway>cycleway</highway>
            <surface>asphalt</surface>
            </type>
        </extensions>
      </trkpt>
      <trkpt lat="45.59955" lon="6.75914">
        <ele>769.1</ele>
        <extensions>
          <type>
            <highway>cycleway</highway>
            <surface>asphalt</surface>
            </type>
        </extensions>
      </trkpt>
      <trkpt lat="45.59964" lon="6.75941">
        <ele>771.7</ele>
        <extensions>
          <type>
            <highway>cycleway</highway>
            <surface>asphalt</surface>
            </type>
        </extensions>
      </trkpt>
      <trkpt lat="45.5999" lon="6.7596">
        <ele>771.7</ele>
        <extensions>
          <type>
            <highway>cycleway</highway>
            <surface>asphalt</surface>
            </type>
        </extensions>
      </trkpt>
      <trkpt lat="45.60045" lon="6.76023">
        <ele>771.6</ele>
        <extensions>
          <type>
            <highway>cycleway</highway>
            <surface>asphalt</surface>
            </type>
        </extensions>
      </trkpt>
      <trkpt lat="45.60073" lon="6.76086">
        <ele>771.5</ele>
        <extensions>
          <type>
            <highway>cycleway</highway>
            <surface>asphalt</surface>
            </type>
        </extensions>
      </trkpt>
      <trkpt lat="45.60074" lon="6.76183">
        <ele>774.7</ele>
        <extensions>
          <type>
            <highway>cycleway</highway>
            <surface>asphalt</surface>
            </type>
        </extensions>
      </trkpt>
      <trkpt lat="45.60088" lon="6.76264">
        <ele>775</ele>
        <extensions>
          <type>
            <highway>cycleway</highway>
            <surface>asphalt</surface>
            </type>
        </extensions>
      </trkpt>
      <trkpt lat="45.60082" lon="6.76305">
        <ele>776.1</ele>
        <extensions>
          <type>
            <highway>cycleway</highway>
            <surface>asphalt</surface>
            </type>
        </extensions>
      </trkpt>
      <trkpt lat="45.60094" lon="6.76461">
        <ele>777.9</ele>
        <extensions>
          <type>
            <highway>cycleway</highway>
            <surface>asphalt</surface>
            </type>
        </extensions>
      </trkpt>
      <trkpt lat="45.60107" lon="6.76491">
        <ele>779.3</ele>
        <extensions>
          <type>
            <highway>cycleway</highway>
            <surface>asphalt</surface>
            </type>
        </extensions>
      </trkpt>
      <trkpt lat="45.60155" lon="6.76569">
        <ele>781.8</ele>
        <extensions>
          <type>
            <highway>cycleway</highway>
            <surface>asphalt</surface>
            </type>
        </extensions>
      </trkpt>
      <trkpt lat="45.60171" lon="6.76613">
        <ele>782.1</ele>
        <extensions>
          <type>
            <highway>cycleway</highway>
            <surface>asphalt</surface>
            </type>
        </extensions>
      </trkpt>
      <trkpt lat="45.60185" lon="6.76628">
        <ele>782.2</ele>
        <extensions>
          <type>
            <highway>cycleway</highway>
            <surface>asphalt</surface>
            </type>
        </extensions>
      </trkpt>
      <trkpt lat="45.60232" lon="6.76655">
        <ele>781.6</ele>
        <extensions>
          <type>
            <highway>cycleway</highway>
            <surface>undefined</surface>
            </type>
        </extensions>
      </trkpt>
      <trkpt lat="45.60273" lon="6.76691">
        <ele>784.1</ele>
        <extensions>
          <type>
            <highway>cycleway</highway>
            <surface>undefined</surface>
            </type>
        </extensions>
      </trkpt>
      <trkpt lat="45.60294" lon="6.76696">
        <ele>783.9</ele>
        <extensions>
          <type>
            <highway>cycleway</highway>
            <surface>undefined</surface>
            </type>
        </extensions>
      </trkpt>
      <trkpt lat="45.60295" lon="6.76686">
        <ele>782.5</ele>
        <extensions>
          <type>
            <highway>cycleway</highway>
            <surface>undefined</surface>
            </type>
        </extensions>
      </trkpt>
      <trkpt lat="45.60271" lon="6.76678">
        <ele>783.3</ele>
        <extensions>
          <type>
            <highway>cycleway</highway>
            <surface>undefined</surface>
            </type>
        </extensions>
      </trkpt>
      <trkpt lat="45.60302" lon="6.76616">
        <ele>784.9</ele>
        <extensions>
          <type>
            <highway>cycleway</highway>
            <surface>asphalt</surface>
            </type>
        </extensions>
      </trkpt>
      <trkpt lat="45.60308" lon="6.76615">
        <ele>785.8</ele>
        <extensions>
          <type>
            <highway>cycleway</highway>
            <surface>asphalt</surface>
            </type>
        </extensions>
      </trkpt>
      <trkpt lat="45.60339" lon="6.7665">
        <ele>788.4</ele>
        <extensions>
          <type>
            <highway>cycleway</highway>
            <surface>asphalt</surface>
            </type>
        </extensions>
      </trkpt>
      <trkpt lat="45.60373" lon="6.76702">
        <ele>789</ele>
        <extensions>
          <type>
            <highway>cycleway</highway>
            <surface>asphalt</surface>
            </type>
        </extensions>
      </trkpt>
      <trkpt lat="45.60385" lon="6.76736">
        <ele>787.3</ele>
        <extensions>
          <type>
            <highway>cycleway</highway>
            <surface>asphalt</surface>
            </type>
        </extensions>
      </trkpt>
      <trkpt lat="45.605" lon="6.76858">
        <ele>791.3</ele>
        <extensions>
          <type>
            <highway>cycleway</highway>
            <surface>asphalt</surface>
            </type>
        </extensions>
      </trkpt>
      <trkpt lat="45.60523" lon="6.76906">
        <ele>793.2</ele>
        <extensions>
          <type>
            <highway>cycleway</highway>
            <surface>asphalt</surface>
            </type>
        </extensions>
      </trkpt>
      <trkpt lat="45.60535" lon="6.76946">
        <ele>793.7</ele>
        <extensions>
          <type>
            <highway>cycleway</highway>
            <surface>asphalt</surface>
            </type>
        </extensions>
      </trkpt>
      <trkpt lat="45.6056" lon="6.76979">
        <ele>794.4</ele>
        <extensions>
          <type>
            <highway>cycleway</highway>
            <surface>asphalt</surface>
            </type>
        </extensions>
      </trkpt>
      <trkpt lat="45.6061" lon="6.77006">
        <ele>797.9</ele>
        <extensions>
          <type>
            <highway>cycleway</highway>
            <surface>undefined</surface>
            </type>
        </extensions>
      </trkpt>
      <trkpt lat="45.60626" lon="6.77033">
        <ele>798.7</ele>
        <extensions>
          <type>
            <highway>cycleway</highway>
            <surface>undefined</surface>
            </type>
        </extensions>
      </trkpt>
      <trkpt lat="45.60651" lon="6.77053">
        <ele>800</ele>
        <extensions>
          <type>
            <highway>cycleway</highway>
            <surface>undefined</surface>
            </type>
        </extensions>
      </trkpt>
      <trkpt lat="45.60706" lon="6.77076">
        <ele>800.9</ele>
        <extensions>
          <type>
            <highway>cycleway</highway>
            <surface>undefined</surface>
            </type>
        </extensions>
      </trkpt>
      <trkpt lat="45.60808" lon="6.77138">
        <ele>803.1</ele>
        <extensions>
          <type>
            <highway>cycleway</highway>
            <surface>undefined</surface>
            </type>
        </extensions>
      </trkpt>
      <trkpt lat="45.61024" lon="6.77207">
        <ele>806.7</ele>
        <extensions>
          <type>
            <highway>cycleway</highway>
            <surface>undefined</surface>
            </type>
        </extensions>
      </trkpt>
      <trkpt lat="45.61059" lon="6.77225">
        <ele>807.8</ele>
        <extensions>
          <type>
            <highway>cycleway</highway>
            <surface>undefined</surface>
            </type>
        </extensions>
      </trkpt>
      <trkpt lat="45.61105" lon="6.77259">
        <ele>807.2</ele>
        <extensions>
          <type>
            <highway>cycleway</highway>
            <surface>undefined</surface>
            </type>
        </extensions>
      </trkpt>
      <trkpt lat="45.6116" lon="6.7732">
        <ele>806.6</ele>
        <extensions>
          <type>
            <highway>cycleway</highway>
            <surface>undefined</surface>
            </type>
        </extensions>
      </trkpt>
      <trkpt lat="45.61177" lon="6.77346">
        <ele>806.4</ele>
        <extensions>
          <type>
            <highway>cycleway</highway>
            <surface>undefined</surface>
            </type>
        </extensions>
      </trkpt>
      <trkpt lat="45.61189" lon="6.77355">
        <ele>806.7</ele>
        <extensions>
          <type>
            <highway>cycleway</highway>
            <surface>undefined</surface>
            </type>
        </extensions>
      </trkpt>
      <trkpt lat="45.61235" lon="6.77428">
        <ele>805.6</ele>
        <extensions>
          <type>
            <highway>cycleway</highway>
            <surface>undefined</surface>
            </type>
        </extensions>
      </trkpt>
      <trkpt lat="45.61254" lon="6.77477">
        <ele>805.3</ele>
        <extensions>
          <type>
            <highway>cycleway</highway>
            <surface>undefined</surface>
            </type>
        </extensions>
      </trkpt>
      <trkpt lat="45.61275" lon="6.77512">
        <ele>806</ele>
        <extensions>
          <type>
            <highway>cycleway</highway>
            <surface>undefined</surface>
            </type>
        </extensions>
      </trkpt>
      <trkpt lat="45.6131" lon="6.77534">
        <ele>806</ele>
        <extensions>
          <type>
            <highway>cycleway</highway>
            <surface>undefined</surface>
            </type>
        </extensions>
      </trkpt>
      <trkpt lat="45.6131" lon="6.7752">
        <ele>806.3</ele>
        <extensions>
          <type>
            <highway>service</highway>
            <surface>undefined</surface>
            </type>
        </extensions>
      </trkpt>
      <trkpt lat="45.61292" lon="6.77471">
        <ele>807</ele>
        <extensions>
          <type>
            <highway>service</highway>
            <surface>undefined</surface>
            </type>
        </extensions>
      </trkpt>
      <trkpt lat="45.61411" lon="6.77453">
        <ele>807.7</ele>
        <extensions>
          <type>
            <highway>service</highway>
            <surface>undefined</surface>
            </type>
        </extensions>
      </trkpt>
    </trkseg>
  </trk>
</gpx>